Workbook

Sheet config
A2: date d'entrée | B2: 46023 | E2: Matricule | F2: Nom | G2: Prénom | H2: Anniversaire | I2: Dernières visites médicale | J2: Prochaines visites médicale | K2: R.482 A (1) | L2: R.482 B1 (2) | M2: R.482 C2 (3) | N2: R.482 C1 (4) | O2: R.482 5 | P2: R.482 D (7) | Q2: R.482 E (8) | R2: R.482 F (9) | S2: R.482 G (10) | T2: Tondeuse FI | U2: Grue R.490 | V2: B (Nacelle) | W2: Chariot R.489 / 3 | X2: Tronço | Y2: Permis BE - REMORQUE | Z2: Permis PL | AA2: Permis CE Sup Lourd | AB2: FIMO | AC2: AIPR | AD2: Premiers secours
E3: N019002 | F3: DEBREYNE | G3: Audrey
B4: début | C4: fin | E4: N024050 | F4: LUTARD | G4: Karyne
A5: Janvier | B5: =B2 -> 46023 | C5: =EOMONTH(B5,0) -> 46053 | E5: N018905 | F5: HAUTDECOEUR | G5: Laurence
A6: Février | B6: =EDATE(B5,1) -> 46054 | C6: =EOMONTH(B6,0) -> 46081 | E6: N016820 | F6: GRENET | G6: Eric
A7: Mars | B7: =EDATE(B6,1) -> 46082 | C7: =EOMONTH(B7,0) -> 46112 | E7: C003285 | F7: FOURCADE | G7: Hervé | I7: 45413 | J7: 46143
A8: Avril | B8: =EDATE(B7,1) -> 46113 | C8: =EOMONTH(B8,0) -> 46142 | E8: JT030845 | F8: GONCALVES | G8: Lionel | H8: 30758 | I8: 45627 | J8: 46357
A9: Mai | B9: =EDATE(B8,1) -> 46143 | C9: =EOMONTH(B9,0) -> 46173 | E9: N011045 | F9: SIGALA | G9: Jean-Christohpe | I9: 45413 | J9: 46143
A10: Juin | B10: =EDATE(B9,1) -> 46174 | C10: =EOMONTH(B10,0) -> 46203 | E10: N010036 | F10: BETTINGER | G10: Philippe
A11: Juillet | B11: =EDATE(B10,1) -> 46204 | C11: =EOMONTH(B11,0) -> 46234 | E11: N015967 | F11: TUCOULET | G11: Dorian | I11: 45383 | J11: 46113 | K11: 47178 | N11: 47178
A12: Août | B12: =EDATE(B11,1) -> 46235 | C12: =EOMONTH(B12,0) -> 46265 | E12: N017539 | F12: VRBOVSKA | G12: Xavier
A13: Septembre | B13: =EDATE(B12,1) -> 46266 | C13: =EOMONTH(B13,0) -> 46295 | E13: MAINTENANCE
A14: Octobre | B14: =EDATE(B13,1) -> 46296 | C14: =EOMONTH(B14,0) -> 46326 | E14: SURVEILLANT DE TRAVAUX
A15: Novembre | B15: =EDATE(B14,1) -> 46327 | C15: =EOMONTH(B15,0) -> 46356 | E15: C004587 | F15: BOURGOIN | G15: Jean-Baptiste
A16: Décembre | B16: =EDATE(B15,1) -> 46357 | C16: =EOMONTH(B16,0) -> 46387 | E16: N02645 | F16: MERCADIEU | G16: Baptiste
A17: Janvier | B17: =EDATE(B16,1) -> 46388 | C17: =EOMONTH(B17,0) -> 46418 | E17: ASDP
A18: Février | B18: =EDATE(B17,1) -> 46419 | C18: =EOMONTH(B18,0) -> 46446 | E18: C004845 | F18: GARCIA | G18: Yoan
E19: C005015 | F19: LARROUDE | G19: Christophe
E20: N020065 | F20: SAMITIER | G20: Beatrice
E21: C005216 | F21: PIEL | G21: Frédy
E22: PROPRETE
E23: JN020502 | F23: GOURVIAT | G23: Annabelle
E24: JT032516 | F24: LARTIGUE | G24: Laura
E25: JN010897 | F25: TRIQUENEAUX | G25: Benoit
E26: JN010381 | F26: ESPERON | G26: Alain
E27: JN010750 | F27: ROUGLAN | G27: William
E28: JN010461 | F28: NOURRI | G28: Danny
E29: REGIE
E30: AGENTS VOIRIE
E31: JT028103 | F31: BERRIO-GAUDNER | G31: Jacques
E32: C002908 | F32: FONTENEAU | G32: Fabrice | I32: 45536 | J32: 46266 | K32: 11780 | N32: 11232 | W32: 46661 | X32: X | Y32: X | Z32: 46447 | AC32: 46478
E33: C004504 | F33: GUIJARRO | G33: Juan-Pédro | I33: 45413 | J33: 46143 | K33: 46905 | N33: 12663 | Q33: 46722 | R33: 12663 | U33: 11018 | X33: X | Y33: X | Z33: 46082 | AA33: 46082 | AB33: 46813 | AC33: 46419
E34: T028198 | F34: GOUREAU | G34: Jonathan | I34: 45383 | J34: 46113 | X34: x
E35: C002986 | F35: LABORIE | G35: Jean-Louis | I35: 45778 | J35: 46508 | K35: 47209 | N35: 47209 | R35: 47209 | X35: X | Y35: X | Z35: 10959 | AA35: 10959
E36: C007317 | F36: LARRIEU | G36: Cédric | I36: 45383 | J36: 46113
E37: C004309 | F37: LEVIGNAT | G37: Didier
E38: C005624 | F38: MARTIN-HERNANDEZ | G38: Pierre | I38: 44927 | J38: 45658 | N38: 12086 | R38: 45931 | X38: X
E39: C007758 | F39: PIERRE | G39: Frantzy | I39: 45778 | J39: 46508 | K39: 47150 | N39: 47150 | R39: 11049 | X39: X | AC39: 11110
E40: C004609 | F40: SOLA | G40: Xavier | I40: 45383 | J40: 46113 | K40: 47119 | R40: 11018 | X40: X
E41: T029734 | F41: WEISS | G41: Miguel
E43: AGENTS ESPACES VERTS
E44: N018514 | F44: DELANDE | G44: Romain | I44: 45383 | J44: 46113 | K44: 11597 | N44: 11597 | R44: 11597
E45: T029231 | F45: DA SILVA REIS | G45: Alexandra | I45: 45413 | J45: 46143 | K45: 12086 | N45: 12571 | R45: 12571 | AC45: 47270
E46: N011181 | F46: ELMAGROUD | G46: Sofiane | I46: 45778 | J46: 46508 | K46: 47150 | N46: 47150 | R46: 46905
E47: C004163 | F47: ESTEVE | G47: Thierry | I47: 45383 | J47: 46113
E48: C006428 | F48: KADRI | G48: Houssine | I48: 45383 | J48: 46113 | K48: 46813 | N48: 11383 | P48: 46174 | R48: 12540 | W48: 11049 | X48: X | AC48: 47239
E49: N023455 | F49: MALLET | G49: Ludovic | I49: 45383 | J49: 46113 | K49: 12571 | Z49: 46905 | AC49: 11110
E50: C007461 | F50: MAURY | G50: Xavier | I50: 45383 | J50: 46113 | K50: 11689 | N50: 11689 | Q50: 46631 | R50: 45444 | X50: X | Y50: X | Z50: 11018 | AC50: 46388
E51: T030790 | F51: MOINGT | G51: Joffrey
E52: T030619 | F52: REY | G52: Adrien
E53: N019681 | F53: TADJROUNA | G53: Mohamed | I53: 45474 | J53: 46204 | K53: 12663 | N53: 11567 | Q53: 12663 | W53: 11049 | Z53: 46692 | AC53: 47362
E54: N019975 | F54: VILLENEUVE | G54: Fabrice | I54: 45383 | J54: 46113 | N54: 11475 | R54: 11475 | AC54: 47270
E56: COMMUN - MAGASINIER ET AGENTS ENTRETIEN
E57: N010342 | F57: VOL | G57: Christophe | I57: 45383 | J57: 46113
E58: C003865 | F58: GENNA | G58: Grégory | I58: 44866 | J58: 45597 | K58: 11232 | N58: 11232 | Q58: 47088 | R58: 11232 | U58: 11049 | W58: 46997 | X58: X | Y58: X | Z58: Dec-28 | AC58: 47392
E59: N010032 | F59: BERNARD | G59: Jean-Louis | I59: 45383 | J59: 46113
E60: N010563 | F60: HAUBRAICHE | G60: Philippe | I60: 45383 | J60: 46113

Sheet Janvier 2026
A1: =config!B5 -> 46023
A2: =config!C5 -> 46053
P4: =A1 -> 46023 | Q4: =P4+1 -> 46024 | R4: =Q4+1 -> 46025 | S4: =R4+1 -> 46026 | T4: =S4+1 -> 46027 | U4: =T4+1 -> 46028 | V4: =U4+1 -> 46029 | W4: =V4+1 -> 46030 | X4: =W4+1 -> 46031 | ... AT4: =AS4+1 -> 46053
A5: =TEXT(A1,"mmmmmmmmmmmm") -> janvier
D8: TOTAL | P8: FERIE | AM8: ARRET EVP JAN
D9: P | E9: PC | F9: F | G9: AST | H9: CA | I9: RTT | J9: CEX | K9: R | L9: M | M9: AT | N9: TAD | O9: TP | P9: =IFERROR(WEEKDAY(P4),"") -> 5 | Q9: =IFERROR(WEEKDAY(Q4),"") -> 6 | R9: =IFERROR(WEEKDAY(R4),"") -> 7 | S9: =IFERROR(WEEKDAY(S4),"") -> 1 | T9: =IFERROR(WEEKDAY(T4),"") -> 2 | U9: =IFERROR(WEEKDAY(U4),"") -> 3 | V9: =IFERROR(WEEKDAY(V4),"") -> 4 | W9: =IFERROR(WEEKDAY(W4),"") -> 5 | ... AT9: =IFERROR(WEEKDAY(AT4),"") -> 7
A10: Matricule | B10: Nom | C10: Prénom | D10: PRESENCE | E10: PREV CONGES | F10: FORMATION | G10: ASTREINT | H10: CONGES ANNUEL | I10: RTT | J10: CONGES EXC | K10: RESERVE | L10: MALADIE | M10: ACCIDENT DE TRAVAIL | N10: TRAVAI A DISTANCE | O10: Tps partiel TH | P10: =DAY(P4) -> 1 | Q10: =DAY(Q4) -> 2 | R10: =DAY(R4) -> 3 | S10: =DAY(S4) -> 4 | T10: =DAY(T4) -> 5 | U10: =DAY(U4) -> 6 | V10: =DAY(V4) -> 7 | W10: =DAY(W4) -> 8 | ... AT10: =DAY(AT4) -> 31
A11: =IFERROR(IF(config!E3="","",config!E3),"") -> N019002 | B11: =IFERROR(IF(config!F3="","",config!F3),"") -> DEBREYNE | C11: =IFERROR(IF(config!G3="","",config!G3),"") -> Audrey | D11: =COUNTIF(P11:AS11,"p") -> 0 | E11: =COUNTIF(P11:AS11,"PC") -> 12 | F11: =COUNTIF(P11:AS11,"f") -> 0 | G11: =COUNTIF(P11:AS11,"ast") -> 0 | H11: =COUNTIF(P11:AS11,"cA") -> 0 | I11: =COUNTIF(P11:AS11,"rtt") -> 0 | J11: =COUNTIF(P11:AS11,"cex") -> 0 | K11: =COUNTIF(P11:AS11,"res") -> 0 | L11: =COUNTIF(P11:AS11,"mA") -> 0 | M11: =COUNTIF(P11:AS11,"at") -> 0 | N11: =COUNTIF(P11:AS11,"TAD") -> 0 | O11: =COUNTIF(P11:AS11,"TP") -> 0 | Q11: PC | X11: PC | AA11: PC | AB11: PC | AC11: PC | AD11: PC | AE11: PC | AH11: PC | AI11: PC | AJ11: PC | AK11: PC | AL11: PC | AV11: BUREAU
A12: =IFERROR(IF(config!E4="","",config!E4),"") -> N024050 | B12: =IFERROR(IF(config!F4="","",config!F4),"") -> LUTARD | C12: =IFERROR(IF(config!G4="","",config!G4),"") -> Karyne | D12: =COUNTIF(P12:AS12,"p") -> 0 | E12: =COUNTIF(P12:AS12,"PC") -> 1 | F12: =COUNTIF(P12:AS12,"f") -> 0 | G12: =COUNTIF(P12:AS12,"ast") -> 0 | H12: =COUNTIF(P12:AS12,"cA") -> 0 | I12: =COUNTIF(P12:AS12,"rtt") -> 0 | J12: =COUNTIF(P12:AS12,"cex") -> 0 | K12: =COUNTIF(P12:AS12,"res") -> 0 | L12: =COUNTIF(P12:AS12,"mA") -> 0 | M12: =COUNTIF(P12:AS12,"at") -> 0 | N12: =COUNTIF(P12:AS12,"TAD") -> 0 | O12: =COUNTIF(P12:AS12,"TP") -> 0 | Q12: PC | AV12: P | AW12: PC | AX12: F | AY12: AST | AZ12: CA | BA12: RTT | BB12: CEX | BC12: R | BD12: M | BE12: AT | BF12: TP
A13: =IFERROR(IF(config!E5="","",config!E5),"") -> N018905 | B13: =IFERROR(IF(config!F5="","",config!F5),"") -> HAUTDECOEUR | C13: =IFERROR(IF(config!G5="","",config!G5),"") -> Laurence | D13: =COUNTIF(P13:AS13,"p") -> 0 | E13: =COUNTIF(P13:AS13,"PC") -> 0 | F13: =COUNTIF(P13:AS13,"f") -> 0 | G13: =COUNTIF(P13:AS13,"ast") -> 0 | H13: =COUNTIF(P13:AS13,"cA") -> 0 | I13: =COUNTIF(P13:AS13,"rtt") -> 0 | J13: =COUNTIF(P13:AS13,"cex") -> 0 | K13: =COUNTIF(P13:AS13,"res") -> 0 | L13: =COUNTIF(P13:AS13,"mA") -> 0 | M13: =COUNTIF(P13:AS13,"at") -> 0 | N13: =COUNTIF(P13:AS13,"TAD") -> 0 | O13: =COUNTIF(P13:AS13,"TP") -> 0 | AV13: =COUNTIF(P11:AS29,"p") -> 0 | AW13: =COUNTIF(P11:AS29,"PC") -> 35 | AX13: =COUNTIF(P11:AS29,"f") -> 6 | AY13: =COUNTIF(P11:AS29,"ast") -> 0 | AZ13: =COUNTIF(P11:AS29,"ca") -> 0 | BA13: =COUNTIF(P11:AS29,"rtt") -> 0 | BB13: =COUNTIF(P11:AS29,"CEX") -> 21 | BC13: =COUNTIF(P11:AS29,"RES") -> 0 | BD13: =COUNTIF(P11:AS29,"MA") -> 0 | BE13: =COUNTIF(P11:AS29,"AT") -> 0 | BF13: =COUNTIF(P11:AS29,"TP") -> 0
A14: =IFERROR(IF(config!E6="","",config!E6),"") -> N016820 | B14: =IFERROR(IF(config!F6="","",config!F6),"") -> GRENET | C14: =IFERROR(IF(config!G6="","",config!G6),"") -> Eric | D14: =COUNTIF(P14:AS14,"p") -> 0 | E14: =COUNTIF(P14:AS14,"PC") -> 6 | F14: =COUNTIF(P14:AS14,"f") -> 0 | G14: =COUNTIF(P14:AS14,"ast") -> 0 | H14: =COUNTIF(P14:AS14,"cA") -> 0 | I14: =COUNTIF(P14:AS14,"rtt") -> 0 | J14: =COUNTIF(P14:AS14,"cex") -> 0 | K14: =COUNTIF(P14:AS14,"res") -> 0 | L14: =COUNTIF(P14:AS14,"mA") -> 0 | M14: =COUNTIF(P14:AS14,"at") -> 0 | N14: =COUNTIF(P14:AS14,"TAD") -> 0 | O14: =COUNTIF(P14:AS14,"TP") -> 0 | Q14: PC | AO14: PC | AP14: PC | AQ14: PC | AR14: PC | AS14: PC
A15: =IFERROR(IF(config!E7="","",config!E7),"") -> C003285 | B15: =IFERROR(IF(config!F7="","",config!F7),"") -> FOURCADE | C15: =IFERROR(IF(config!G7="","",config!G7),"") -> Hervé | D15: =COUNTIF(P15:AS15,"p") -> 0 | E15: =COUNTIF(P15:AS15,"PC") -> 0 | F15: =COUNTIF(P15:AS15,"f") -> 0 | G15: =COUNTIF(P15:AS15,"ast") -> 0 | H15: =COUNTIF(P15:AS15,"cA") -> 0 | I15: =COUNTIF(P15:AS15,"rtt") -> 0 | J15: =COUNTIF(P15:AS15,"cex") -> 0 | K15: =COUNTIF(P15:AS15,"res") -> 0 | L15: =COUNTIF(P15:AS15,"mA") -> 0 | M15: =COUNTIF(P15:AS15,"at") -> 0 | N15: =COUNTIF(P15:AS15,"TAD") -> 0 | O15: =COUNTIF(P15:AS15,"TP") -> 0
A16: =IFERROR(IF(config!E8="","",config!E8),"") -> JT030845 | B16: =IFERROR(IF(config!F8="","",config!F8),"") -> GONCALVES | C16: =IFERROR(IF(config!G8="","",config!G8),"") -> Lionel | D16: =COUNTIF(P16:AS16,"p") -> 0 | E16: =COUNTIF(P16:AS16,"PC") -> 0 | F16: =COUNTIF(P16:AS16,"f") -> 0 | G16: =COUNTIF(P16:AS16,"ast") -> 0 | H16: =COUNTIF(P16:AS16,"cA") -> 0 | I16: =COUNTIF(P16:AS16,"rtt") -> 0 | J16: =COUNTIF(P16:AS16,"cex") -> 0 | K16: =COUNTIF(P16:AS16,"res") -> 0 | L16: =COUNTIF(P16:AS16,"mA") -> 0 | M16: =COUNTIF(P16:AS16,"at") -> 0 | N16: =COUNTIF(P16:AS16,"TAD") -> 0 | O16: =COUNTIF(P16:AS16,"TP") -> 0
A17: =IFERROR(IF(config!E9="","",config!E9),"") -> N011045 | B17: =IFERROR(IF(config!F9="","",config!F9),"") -> SIGALA | C17: =IFERROR(IF(config!G9="","",config!G9),"") -> Jean-Christohpe | D17: =COUNTIF(P17:AS17,"p") -> 0 | E17: =COUNTIF(P17:AS17,"PC") -> 0 | F17: =COUNTIF(P17:AS17,"f") -> 0 | G17: =COUNTIF(P17:AS17,"ast") -> 0 | H17: =COUNTIF(P17:AS17,"cA") -> 0 | I17: =COUNTIF(P17:AS17,"rtt") -> 0 | J17: =COUNTIF(P17:AS17,"cex") -> 0 | K17: =COUNTIF(P17:AS17,"res") -> 0 | L17: =COUNTIF(P17:AS17,"mA") -> 0 | M17: =COUNTIF(P17:AS17,"at") -> 0 | N17: =COUNTIF(P17:AS17,"TAD") -> 0 | O17: =COUNTIF(P17:AS17,"TP") -> 0
A18: =IFERROR(IF(config!E10="","",config!E10),"") -> N010036 | B18: =IFERROR(IF(config!F10="","",config!F10),"") -> BETTINGER | C18: =IFERROR(IF(config!G10="","",config!G10),"") -> Philippe | D18: =COUNTIF(P18:AS18,"p") -> 0 | E18: =COUNTIF(P18:AS18,"PC") -> 0 | F18: =COUNTIF(P18:AS18,"f") -> 0 | G18: =COUNTIF(P18:AS18,"ast") -> 0 | H18: =COUNTIF(P18:AS18,"cA") -> 0 | I18: =COUNTIF(P18:AS18,"rtt") -> 0 | J18: =COUNTIF(P18:AS18,"cex") -> 21 | K18: =COUNTIF(P18:AS18,"res") -> 0 | L18: =COUNTIF(P18:AS18,"mA") -> 0 | M18: =COUNTIF(P18:AS18,"at") -> 0 | N18: =COUNTIF(P18:AS18,"TAD") -> 0 | O18: =COUNTIF(P18:AS18,"TP") -> 0 | Q18: CEX | T18: CEX | U18: CEX | V18: CEX | W18: CEX | X18: CEX | AA18: CEX | AB18: CEX | AC18: CEX | AD18: CEX | AE18: CEX | AH18: CEX | AI18: CEX | AJ18: CEX | AK18: CEX | AL18: CEX | AO18: CEX | AP18: CEX | AQ18: CEX | AR18: CEX | AS18: CEX
A19: =IFERROR(IF(config!E11="","",config!E11),"") -> N015967 | B19: =IFERROR(IF(config!F11="","",config!F11),"") -> TUCOULET | C19: =IFERROR(IF(config!G11="","",config!G11),"") -> Dorian | D19: =COUNTIF(P19:AS19,"p") -> 0 | E19: =COUNTIF(P19:AS19,"PC") -> 6 | F19: =COUNTIF(P19:AS19,"f") -> 0 | G19: =COUNTIF(P19:AS19,"ast") -> 0 | H19: =COUNTIF(P19:AS19,"cA") -> 0 | I19: =COUNTIF(P19:AS19,"rtt") -> 0 | J19: =COUNTIF(P19:AS19,"cex") -> 0 | K19: =COUNTIF(P19:AS19,"res") -> 0 | L19: =COUNTIF(P19:AS19,"mA") -> 0 | M19: =COUNTIF(P19:AS19,"at") -> 0 | N19: =COUNTIF(P19:AS19,"TAD") -> 0 | O19: =COUNTIF(P19:AS19,"TP") -> 0 | Q19: PC | T19: PC | U19: PC | V19: PC | W19: PC | X19: PC
A20: =IFERROR(IF(config!E12="","",config!E12),"") -> N017539 | B20: =IFERROR(IF(config!F12="","",config!F12),"") -> VRBOVSKA | C20: =IFERROR(IF(config!G12="","",config!G12),"") -> Xavier | D20: =COUNTIF(P20:AS20,"p") -> 0 | E20: =COUNTIF(P20:AS20,"PC") -> 1 | F20: =COUNTIF(P20:AS20,"f") -> 6 | G20: =COUNTIF(P20:AS20,"ast") -> 0 | H20: =COUNTIF(P20:AS20,"cA") -> 0 | I20: =COUNTIF(P20:AS20,"rtt") -> 0 | J20: =COUNTIF(P20:AS20,"cex") -> 0 | K20: =COUNTIF(P20:AS20,"res") -> 0 | L20: =COUNTIF(P20:AS20,"mA") -> 0 | M20: =COUNTIF(P20:AS20,"at") -> 0 | N20: =COUNTIF(P20:AS20,"TAD") -> 0 | O20: =COUNTIF(P20:AS20,"TP") -> 0 | Q20: PC | AI20: F | AJ20: F | AK20: F | AQ20: F | AR20: F | AS20: F
A21: =IFERROR(IF(config!E13="","",config!E13),"") -> MAINTENANCE
A22: =IFERROR(IF(config!E14="","",config!E14),"") -> SURVEILLANT DE TRAVAUX
A23: =IFERROR(IF(config!E15="","",config!E15),"") -> C004587 | B23: =IFERROR(IF(config!F15="","",config!F15),"") -> BOURGOIN | C23: =IFERROR(IF(config!G15="","",config!G15),"") -> Jean-Baptiste | D23: =COUNTIF(P23:AS23,"p") -> 0 | E23: =COUNTIF(P23:AS23,"PC") -> 1 | F23: =COUNTIF(P23:AS23,"f") -> 0 | G23: =COUNTIF(P23:AS23,"ast") -> 0 | H23: =COUNTIF(P23:AS23,"cA") -> 0 | I23: =COUNTIF(P23:AS23,"rtt") -> 0 | J23: =COUNTIF(P23:AS23,"cex") -> 0 | K23: =COUNTIF(P23:AS23,"res") -> 0 | L23: =COUNTIF(P23:AS23,"mA") -> 0 | M23: =COUNTIF(P23:AS23,"at") -> 0 | N23: =COUNTIF(P23:AS23,"TAD") -> 0 | O23: =COUNTIF(P23:AS23,"TP") -> 0 | Q23: PC
A24: =IFERROR(IF(config!E16="","",config!E16),"") -> N02645 | B24: =IFERROR(IF(config!F16="","",config!F16),"") -> MERCADIEU | C24: =IFERROR(IF(config!G16="","",config!G16),"") -> Baptiste | D24: =COUNTIF(P24:AS24,"p") -> 0 | E24: =COUNTIF(P24:AS24,"PC") -> 1 | F24: =COUNTIF(P24:AS24,"f") -> 0 | G24: =COUNTIF(P24:AS24,"ast") -> 0 | H24: =COUNTIF(P24:AS24,"cA") -> 0 | I24: =COUNTIF(P24:AS24,"rtt") -> 0 | J24: =COUNTIF(P24:AS24,"cex") -> 0 | K24: =COUNTIF(P24:AS24,"res") -> 0 | L24: =COUNTIF(P24:AS24,"mA") -> 0 | M24: =COUNTIF(P24:AS24,"at") -> 0 | N24: =COUNTIF(P24:AS24,"TAD") -> 0 | O24: =COUNTIF(P24:AS24,"TP") -> 0 | Q24: PC
A25: =IFERROR(IF(config!E17="","",config!E17),"") -> ASDP
A26: =IFERROR(IF(config!E18="","",config!E18),"") -> C004845 | B26: =IFERROR(IF(config!F18="","",config!F18),"") -> GARCIA | C26: =IFERROR(IF(config!G18="","",config!G18),"") -> Yoan | D26: =COUNTIF(P26:AS26,"p") -> 0 | E26: =COUNTIF(P26:AS26,"PC") -> 0 | F26: =COUNTIF(P26:AS26,"f") -> 0 | G26: =COUNTIF(P26:AS26,"ast") -> 0 | H26: =COUNTIF(P26:AS26,"cA") -> 0 | I26: =COUNTIF(P26:AS26,"rtt") -> 0 | J26: =COUNTIF(P26:AS26,"cex") -> 0 | K26: =COUNTIF(P26:AS26,"res") -> 0 | L26: =COUNTIF(P26:AS26,"mA") -> 0 | M26: =COUNTIF(P26:AS26,"at") -> 0 | N26: =COUNTIF(P26:AS26,"TAD") -> 0 | O26: =COUNTIF(P26:AS26,"TP") -> 0
A27: =IFERROR(IF(config!E19="","",config!E19),"") -> C005015 | B27: =IFERROR(IF(config!F19="","",config!F19),"") -> LARROUDE | C27: =IFERROR(IF(config!G19="","",config!G19),"") -> Christophe | D27: =COUNTIF(P27:AS27,"p") -> 0 | E27: =COUNTIF(P27:AS27,"PC") -> 6 | F27: =COUNTIF(P27:AS27,"f") -> 0 | G27: =COUNTIF(P27:AS27,"ast") -> 0 | H27: =COUNTIF(P27:AS27,"cA") -> 0 | I27: =COUNTIF(P27:AS27,"rtt") -> 0 | J27: =COUNTIF(P27:AS27,"cex") -> 0 | K27: =COUNTIF(P27:AS27,"res") -> 0 | L27: =COUNTIF(P27:AS27,"mA") -> 0 | M27: =COUNTIF(P27:AS27,"at") -> 0 | N27: =COUNTIF(P27:AS27,"TAD") -> 0 | O27: =COUNTIF(P27:AS27,"TP") -> 0 | Q27: PC | T27: PC | U27: PC | V27: PC | W27: PC | X27: PC
A28: =IFERROR(IF(config!E20="","",config!E20),"") -> N020065 | B28: =IFERROR(IF(config!F20="","",config!F20),"") -> SAMITIER | C28: =IFERROR(IF(config!G20="","",config!G20),"") -> Beatrice | D28: =COUNTIF(P28:AS28,"p") -> 0 | E28: =COUNTIF(P28:AS28,"PC") -> 1 | F28: =COUNTIF(P28:AS28,"f") -> 0 | G28: =COUNTIF(P28:AS28,"ast") -> 0 | H28: =COUNTIF(P28:AS28,"cA") -> 0 | I28: =COUNTIF(P28:AS28,"rtt") -> 0 | J28: =COUNTIF(P28:AS28,"cex") -> 0 | K28: =COUNTIF(P28:AS28,"res") -> 0 | L28: =COUNTIF(P28:AS28,"mA") -> 0 | M28: =COUNTIF(P28:AS28,"at") -> 0 | N28: =COUNTIF(P28:AS28,"TAD") -> 0 | O28: =COUNTIF(P28:AS28,"TP") -> 0 | Q28: PC
A29: =IFERROR(IF(config!E21="","",config!E21),"") -> C005216 | B29: =IFERROR(IF(config!F21="","",config!F21),"") -> PIEL | C29: =IFERROR(IF(config!G21="","",config!G21),"") -> Frédy | D29: =COUNTIF(P29:AS29,"p") -> 0 | E29: =COUNTIF(P29:AS29,"PC") -> 0 | F29: =COUNTIF(P29:AS29,"f") -> 0 | G29: =COUNTIF(P29:AS29,"ast") -> 0 | H29: =COUNTIF(P29:AS29,"cA") -> 0 | I29: =COUNTIF(P29:AS29,"rtt") -> 0 | J29: =COUNTIF(P29:AS29,"cex") -> 0 | K29: =COUNTIF(P29:AS29,"res") -> 0 | L29: =COUNTIF(P29:AS29,"mA") -> 0 | M29: =COUNTIF(P29:AS29,"at") -> 0 | N29: =COUNTIF(P29:AS29,"TAD") -> 0 | O29: =COUNTIF(P29:AS29,"TP") -> 0
A30: =IFERROR(IF(config!E22="","",config!E22),"") -> PROPRETE
A31: =IFERROR(IF(config!E23="","",config!E23),"") -> JN020502 | B31: =IFERROR(IF(config!F23="","",config!F23),"") -> GOURVIAT | C31: =IFERROR(IF(config!G23="","",config!G23),"") -> Annabelle | D31: =COUNTIF(P31:AS31,"p") -> 0 | E31: =COUNTIF(P31:AS31,"PC") -> 0 | F31: =COUNTIF(P31:AS31,"f") -> 0 | G31: =COUNTIF(P31:AS31,"ast") -> 0 | H31: =COUNTIF(P31:AS31,"cA") -> 0 | I31: =COUNTIF(P31:AS31,"rtt") -> 0 | J31: =COUNTIF(P31:AS31,"cex") -> 0 | K31: =COUNTIF(P31:AS31,"res") -> 0 | L31: =COUNTIF(P31:AS31,"mA") -> 0 | M31: =COUNTIF(P31:AS31,"at") -> 0 | N31: =COUNTIF(P31:AS31,"TAD") -> 0 | O31: =COUNTIF(P31:AS31,"TP") -> 0
A32: =IFERROR(IF(config!E24="","",config!E24),"") -> JT032516 | B32: =IFERROR(IF(config!F24="","",config!F24),"") -> LARTIGUE | C32: =IFERROR(IF(config!G24="","",config!G24),"") -> Laura | D32: =COUNTIF(P32:AS32,"p") -> 0 | E32: =COUNTIF(P32:AS32,"PC") -> 0 | F32: =COUNTIF(P32:AS32,"f") -> 0 | G32: =COUNTIF(P32:AS32,"ast") -> 0 | H32: =COUNTIF(P32:AS32,"cA") -> 0 | I32: =COUNTIF(P32:AS32,"rtt") -> 0 | J32: =COUNTIF(P32:AS32,"cex") -> 0 | K32: =COUNTIF(P32:AS32,"res") -> 0 | L32: =COUNTIF(P32:AS32,"mA") -> 0 | M32: =COUNTIF(P32:AS32,"at") -> 0 | N32: =COUNTIF(P32:AS32,"TAD") -> 0 | O32: =COUNTIF(P32:AS32,"TP") -> 0
A33: =IFERROR(IF(config!E25="","",config!E25),"") -> JN010897 | B33: =IFERROR(IF(config!F25="","",config!F25),"") -> TRIQUENEAUX | C33: =IFERROR(IF(config!G25="","",config!G25),"") -> Benoit | D33: =COUNTIF(P33:AS33,"p") -> 0 | E33: =COUNTIF(P33:AS33,"PC") -> 0 | F33: =COUNTIF(P33:AS33,"f") -> 0 | G33: =COUNTIF(P33:AS33,"ast") -> 0 | H33: =COUNTIF(P33:AS33,"cA") -> 0 | I33: =COUNTIF(P33:AS33,"rtt") -> 0 | J33: =COUNTIF(P33:AS33,"cex") -> 0 | K33: =COUNTIF(P33:AS33,"res") -> 0 | L33: =COUNTIF(P33:AS33,"mA") -> 0 | M33: =COUNTIF(P33:AS33,"at") -> 0 | N33: =COUNTIF(P33:AS33,"TAD") -> 0 | O33: =COUNTIF(P33:AS33,"TP") -> 0
A34: =IFERROR(IF(config!E26="","",config!E26),"") -> JN010381 | B34: =IFERROR(IF(config!F26="","",config!F26),"") -> ESPERON | C34: =IFERROR(IF(config!G26="","",config!G26),"") -> Alain | D34: =COUNTIF(P34:AS34,"p") -> 0 | E34: =COUNTIF(P34:AS34,"PC") -> 0 | F34: =COUNTIF(P34:AS34,"f") -> 0 | G34: =COUNTIF(P34:AS34,"ast") -> 0 | H34: =COUNTIF(P34:AS34,"cA") -> 0 | I34: =COUNTIF(P34:AS34,"rtt") -> 0 | J34: =COUNTIF(P34:AS34,"cex") -> 0 | K34: =COUNTIF(P34:AS34,"res") -> 0 | L34: =COUNTIF(P34:AS34,"mA") -> 0 | M34: =COUNTIF(P34:AS34,"at") -> 0 | N34: =COUNTIF(P34:AS34,"TAD") -> 0 | O34: =COUNTIF(P34:AS34,"TP") -> 0
A35: =IFERROR(IF(config!E27="","",config!E27),"") -> JN010750 | B35: =IFERROR(IF(config!F27="","",config!F27),"") -> ROUGLAN | C35: =IFERROR(IF(config!G27="","",config!G27),"") -> William | D35: =COUNTIF(P35:AS35,"p") -> 0 | E35: =COUNTIF(P35:AS35,"PC") -> 0 | F35: =COUNTIF(P35:AS35,"f") -> 0 | G35: =COUNTIF(P35:AS35,"ast") -> 0 | H35: =COUNTIF(P35:AS35,"cA") -> 0 | I35: =COUNTIF(P35:AS35,"rtt") -> 0 | J35: =COUNTIF(P35:AS35,"cex") -> 0 | K35: =COUNTIF(P35:AS35,"res") -> 0 | L35: =COUNTIF(P35:AS35,"mA") -> 0 | M35: =COUNTIF(P35:AS35,"at") -> 0 | N35: =COUNTIF(P35:AS35,"TAD") -> 0 | O35: =COUNTIF(P35:AS35,"TP") -> 0
A36: =IFERROR(IF(config!E28="","",config!E28),"") -> JN010461 | B36: =IFERROR(IF(config!F28="","",config!F28),"") -> NOURRI | C36: =IFERROR(IF(config!G28="","",config!G28),"") -> Danny | D36: =COUNTIF(P36:AS36,"p") -> 0 | E36: =COUNTIF(P36:AS36,"PC") -> 0 | F36: =COUNTIF(P36:AS36,"f") -> 0 | G36: =COUNTIF(P36:AS36,"ast") -> 0 | H36: =COUNTIF(P36:AS36,"cA") -> 0 | I36: =COUNTIF(P36:AS36,"rtt") -> 0 | J36: =COUNTIF(P36:AS36,"cex") -> 0 | K36: =COUNTIF(P36:AS36,"res") -> 0 | L36: =COUNTIF(P36:AS36,"mA") -> 0 | M36: =COUNTIF(P36:AS36,"at") -> 0 | N36: =COUNTIF(P36:AS36,"TAD") -> 0 | O36: =COUNTIF(P36:AS36,"TP") -> 0
A37: =IFERROR(IF(config!E29="","",config!E29),"") -> REGIE
A38: =IFERROR(IF(config!E30="","",config!E30),"") -> AGENTS VOIRIE | AV38: VOIRIE
A39: =IFERROR(IF(config!E31="","",config!E31),"") -> JT028103 | B39: =IFERROR(IF(config!F31="","",config!F31),"") -> BERRIO-GAUDNER | C39: =IFERROR(IF(config!G31="","",config!G31),"") -> Jacques | D39: =COUNTIF(P39:AS39,"p") -> 0 | E39: =COUNTIF(P39:AS39,"PC") -> 0 | F39: =COUNTIF(P39:AS39,"f") -> 0 | G39: =COUNTIF(P39:AS39,"ast") -> 0 | H39: =COUNTIF(P39:AS39,"cA") -> 0 | I39: =COUNTIF(P39:AS39,"rtt") -> 0 | J39: =COUNTIF(P39:AS39,"cex") -> 0 | K39: =COUNTIF(P39:AS39,"res") -> 0 | L39: =COUNTIF(P39:AS39,"mA") -> 0 | M39: =COUNTIF(P39:AS39,"at") -> 0 | N39: =COUNTIF(P39:AS39,"TAD") -> 0 | O39: =COUNTIF(P39:AS39,"TP") -> 0 | AV39: P | AW39: PC | AX39: F | AY39: AST | AZ39: CA | BA39: RTT | BB39: CEX | BC39: R | BD39: M | BE39: AT | BF39: TP
A40: =IFERROR(IF(config!E32="","",config!E32),"") -> C002908 | B40: =IFERROR(IF(config!F32="","",config!F32),"") -> FONTENEAU | C40: =IFERROR(IF(config!G32="","",config!G32),"") -> Fabrice | D40: =COUNTIF(P40:AS40,"p") -> 0 | E40: =COUNTIF(P40:AS40,"PC") -> 1 | F40: =COUNTIF(P40:AS40,"f") -> 0 | G40: =COUNTIF(P40:AS40,"ast") -> 0 | H40: =COUNTIF(P40:AS40,"cA") -> 0 | I40: =COUNTIF(P40:AS40,"rtt") -> 0 | J40: =COUNTIF(P40:AS40,"cex") -> 0 | K40: =COUNTIF(P40:AS40,"res") -> 0 | L40: =COUNTIF(P40:AS40,"mA") -> 0 | M40: =COUNTIF(P40:AS40,"at") -> 0 | N40: =COUNTIF(P40:AS40,"TAD") -> 0 | O40: =COUNTIF(P40:AS40,"TP") -> 0 | Q40: PC | AV40: =COUNTIF(P39:AS49,"p") -> 0 | AW40: =COUNTIF(P39:AS49,"pc") -> 2 | AX40: =COUNTIF(P39:AS49,"f") -> 0 | AY40: =COUNTIF(P39:AS49,"ast") -> 0 | AZ40: =COUNTIF(P39:AS49,"cA") -> 0 | BA40: =COUNTIF(P39:AS49,"rtt") -> 0 | BB40: =COUNTIF(P39:AS49,"cex") -> 0 | BC40: =COUNTIF(P39:AS49,"RES") -> 0 | BD40: =COUNTIF(P39:AS49,"MA") -> 0 | BE40: =COUNTIF(P39:AS49,"at") -> 30 | BF40: =COUNTIF(P39:AS49,"TP") -> 0
A41: =IFERROR(IF(config!E33="","",config!E33),"") -> C004504 | B41: =IFERROR(IF(config!F33="","",config!F33),"") -> GUIJARRO | C41: =IFERROR(IF(config!G33="","",config!G33),"") -> Juan-Pédro | D41: =COUNTIF(P41:AS41,"p") -> 0 | E41: =COUNTIF(P41:AS41,"PC") -> 1 | F41: =COUNTIF(P41:AS41,"f") -> 0 | G41: =COUNTIF(P41:AS41,"ast") -> 0 | H41: =COUNTIF(P41:AS41,"cA") -> 0 | I41: =COUNTIF(P41:AS41,"rtt") -> 0 | J41: =COUNTIF(P41:AS41,"cex") -> 0 | K41: =COUNTIF(P41:AS41,"res") -> 0 | L41: =COUNTIF(P41:AS41,"mA") -> 0 | M41: =COUNTIF(P41:AS41,"at") -> 0 | N41: =COUNTIF(P41:AS41,"TAD") -> 0 | O41: =COUNTIF(P41:AS41,"TP") -> 0 | Q41: PC
A42: =IFERROR(IF(config!E34="","",config!E34),"") -> T028198 | B42: =IFERROR(IF(config!F34="","",config!F34),"") -> GOUREAU | C42: =IFERROR(IF(config!G34="","",config!G34),"") -> Jonathan | D42: =COUNTIF(P42:AS42,"p") -> 0 | E42: =COUNTIF(P42:AS42,"PC") -> 0 | F42: =COUNTIF(P42:AS42,"f") -> 0 | G42: =COUNTIF(P42:AS42,"ast") -> 0 | H42: =COUNTIF(P42:AS42,"cA") -> 0 | I42: =COUNTIF(P42:AS42,"rtt") -> 0 | J42: =COUNTIF(P42:AS42,"cex") -> 0 | K42: =COUNTIF(P42:AS42,"res") -> 0 | L42: =COUNTIF(P42:AS42,"mA") -> 0 | M42: =COUNTIF(P42:AS42,"at") -> 0 | N42: =COUNTIF(P42:AS42,"TAD") -> 0 | O42: =COUNTIF(P42:AS42,"TP") -> 0
A43: =IFERROR(IF(config!E35="","",config!E35),"") -> C002986 | B43: =IFERROR(IF(config!F35="","",config!F35),"") -> LABORIE | C43: =IFERROR(IF(config!G35="","",config!G35),"") -> Jean-Louis | D43: =COUNTIF(P43:AS43,"p") -> 0 | E43: =COUNTIF(P43:AS43,"PC") -> 0 | F43: =COUNTIF(P43:AS43,"f") -> 0 | G43: =COUNTIF(P43:AS43,"ast") -> 0 | H43: =COUNTIF(P43:AS43,"cA") -> 0 | I43: =COUNTIF(P43:AS43,"rtt") -> 0 | J43: =COUNTIF(P43:AS43,"cex") -> 0 | K43: =COUNTIF(P43:AS43,"res") -> 0 | L43: =COUNTIF(P43:AS43,"mA") -> 0 | M43: =COUNTIF(P43:AS43,"at") -> 0 | N43: =COUNTIF(P43:AS43,"TAD") -> 0 | O43: =COUNTIF(P43:AS43,"TP") -> 0
A44: =IFERROR(IF(config!E36="","",config!E36),"") -> C007317 | B44: =IFERROR(IF(config!F36="","",config!F36),"") -> LARRIEU | C44: =IFERROR(IF(config!G36="","",config!G36),"") -> Cédric | D44: =COUNTIF(P44:AS44,"p") -> 0 | E44: =COUNTIF(P44:AS44,"PC") -> 0 | F44: =COUNTIF(P44:AS44,"f") -> 0 | G44: =COUNTIF(P44:AS44,"ast") -> 0 | H44: =COUNTIF(P44:AS44,"cA") -> 0 | I44: =COUNTIF(P44:AS44,"rtt") -> 0 | J44: =COUNTIF(P44:AS44,"cex") -> 0 | K44: =COUNTIF(P44:AS44,"res") -> 0 | L44: =COUNTIF(P44:AS44,"mA") -> 0 | M44: =COUNTIF(P44:AS44,"at") -> 0 | N44: =COUNTIF(P44:AS44,"TAD") -> 0 | O44: =COUNTIF(P44:AS44,"TP") -> 0
A45: =IFERROR(IF(config!E37="","",config!E37),"") -> C004309 | B45: =IFERROR(IF(config!F37="","",config!F37),"") -> LEVIGNAT | C45: =IFERROR(IF(config!G37="","",config!G37),"") -> Didier | D45: =COUNTIF(P45:AS45,"p") -> 0 | E45: =COUNTIF(P45:AS45,"PC") -> 0 | F45: =COUNTIF(P45:AS45,"f") -> 0 | G45: =COUNTIF(P45:AS45,"ast") -> 0 | H45: =COUNTIF(P45:AS45,"cA") -> 0 | I45: =COUNTIF(P45:AS45,"rtt") -> 0 | J45: =COUNTIF(P45:AS45,"cex") -> 0 | K45: =COUNTIF(P45:AS45,"res") -> 0 | L45: =COUNTIF(P45:AS45,"mA") -> 0 | M45: =COUNTIF(P45:AS45,"at") -> 30 | N45: =COUNTIF(P45:AS45,"TAD") -> 0 | O45: =COUNTIF(P45:AS45,"TP") -> 0 | P45: AT | Q45: AT | R45: AT | S45: AT | T45: AT | U45: AT | V45: AT | W45: AT | X45: AT | Y45: AT | Z45: AT | AA45: AT | AB45: AT | AC45: AT | AD45: AT | AE45: AT | AF45: AT | AG45: AT | AH45: AT | AI45: AT | AJ45: AT | AK45: AT | AL45: AT | AM45: AT | AN45: AT | AO45: AT | AP45: AT | AQ45: AT | AR45: AT | AS45: AT | AT45: AT
A46: =IFERROR(IF(config!E38="","",config!E38),"") -> C005624 | B46: =IFERROR(IF(config!F38="","",config!F38),"") -> MARTIN-HERNANDEZ | C46: =IFERROR(IF(config!G38="","",config!G38),"") -> Pierre | D46: =COUNTIF(P46:AS46,"p") -> 0 | E46: =COUNTIF(P46:AS46,"PC") -> 0 | F46: =COUNTIF(P46:AS46,"f") -> 0 | G46: =COUNTIF(P46:AS46,"ast") -> 0 | H46: =COUNTIF(P46:AS46,"cA") -> 0 | I46: =COUNTIF(P46:AS46,"rtt") -> 0 | J46: =COUNTIF(P46:AS46,"cex") -> 0 | K46: =COUNTIF(P46:AS46,"res") -> 0 | L46: =COUNTIF(P46:AS46,"mA") -> 0 | M46: =COUNTIF(P46:AS46,"at") -> 0 | N46: =COUNTIF(P46:AS46,"TAD") -> 0 | O46: =COUNTIF(P46:AS46,"TP") -> 0
A47: =IFERROR(IF(config!E39="","",config!E39),"") -> C007758 | B47: =IFERROR(IF(config!F39="","",config!F39),"") -> PIERRE | C47: =IFERROR(IF(config!G39="","",config!G39),"") -> Frantzy | D47: =COUNTIF(P47:AS47,"p") -> 0 | E47: =COUNTIF(P47:AS47,"PC") -> 0 | F47: =COUNTIF(P47:AS47,"f") -> 0 | G47: =COUNTIF(P47:AS47,"ast") -> 0 | H47: =COUNTIF(P47:AS47,"cA") -> 0 | I47: =COUNTIF(P47:AS47,"rtt") -> 0 | J47: =COUNTIF(P47:AS47,"cex") -> 0 | K47: =COUNTIF(P47:AS47,"res") -> 0 | L47: =COUNTIF(P47:AS47,"mA") -> 0 | M47: =COUNTIF(P47:AS47,"at") -> 0 | N47: =COUNTIF(P47:AS47,"TAD") -> 0 | O47: =COUNTIF(P47:AS47,"TP") -> 0
A48: =IFERROR(IF(config!E40="","",config!E40),"") -> C004609 | B48: =IFERROR(IF(config!F40="","",config!F40),"") -> SOLA | C48: =IFERROR(IF(config!G40="","",config!G40),"") -> Xavier | D48: =COUNTIF(P48:AS48,"p") -> 0 | E48: =COUNTIF(P48:AS48,"PC") -> 0 | F48: =COUNTIF(P48:AS48,"f") -> 0 | G48: =COUNTIF(P48:AS48,"ast") -> 0 | H48: =COUNTIF(P48:AS48,"cA") -> 0 | I48: =COUNTIF(P48:AS48,"rtt") -> 0 | J48: =COUNTIF(P48:AS48,"cex") -> 0 | K48: =COUNTIF(P48:AS48,"res") -> 0 | L48: =COUNTIF(P48:AS48,"mA") -> 0 | M48: =COUNTIF(P48:AS48,"at") -> 0 | N48: =COUNTIF(P48:AS48,"TAD") -> 0 | O48: =COUNTIF(P48:AS48,"TP") -> 0
A49: =IFERROR(IF(config!E41="","",config!E41),"") -> T029734 | B49: =IFERROR(IF(config!F41="","",config!F41),"") -> WEISS | C49: =IFERROR(IF(config!G41="","",config!G41),"") -> Miguel | D49: =COUNTIF(P49:AS49,"p") -> 0 | E49: =COUNTIF(P49:AS49,"PC") -> 0 | F49: =COUNTIF(P49:AS49,"f") -> 0 | G49: =COUNTIF(P49:AS49,"ast") -> 0 | H49: =COUNTIF(P49:AS49,"cA") -> 0 | I49: =COUNTIF(P49:AS49,"rtt") -> 0 | J49: =COUNTIF(P49:AS49,"cex") -> 0 | K49: =COUNTIF(P49:AS49,"res") -> 0 | L49: =COUNTIF(P49:AS49,"mA") -> 0 | M49: =COUNTIF(P49:AS49,"at") -> 0 | N49: =COUNTIF(P49:AS49,"TAD") -> 0 | O49: =COUNTIF(P49:AS49,"TP") -> 0
A50: =IFERROR(IF(config!E42="","",config!E42),"") | AV50: ESPACES VERTS
A51: =IFERROR(IF(config!E43="","",config!E43),"") -> AGENTS ESPACES VERTS | B51: =IFERROR(IF(config!F43="","",config!F43),"") | C51: =IFERROR(IF(config!G43="","",config!G43),"") | D51: =COUNTIF(P51:AS51,"p") -> 0 | E51: =COUNTIF(P51:AS51,"PC") -> 0 | F51: =COUNTIF(P51:AS51,"f") -> 0 | G51: =COUNTIF(P51:AS51,"ast") -> 0 | H51: =COUNTIF(P51:AS51,"cA") -> 0 | I51: =COUNTIF(P51:AS51,"rtt") -> 0 | J51: =COUNTIF(P51:AS51,"cex") -> 0 | K51: =COUNTIF(P51:AS51,"res") -> 0 | L51: =COUNTIF(P51:AS51,"mA") -> 0 | M51: =COUNTIF(P51:AS51,"at") -> 0 | N51: =COUNTIF(P51:AS51,"TAD") -> 0 | O51: =COUNTIF(P51:AS51,"TP") -> 0 | AV51: P | AW51: PC | AX51: F | AY51: AST | AZ51: CA | BA51: RTT | BB51: CEX | BC51: R | BD51: M | BE51: AT | BF51: TP
A52: =IFERROR(IF(config!E44="","",config!E44),"") -> N018514 | B52: =IFERROR(IF(config!F44="","",config!F44),"") -> DELANDE | C52: =IFERROR(IF(config!G44="","",config!G44),"") -> Romain | D52: =COUNTIF(P52:AS52,"p") -> 0 | E52: =COUNTIF(P52:AS52,"PC") -> 0 | F52: =COUNTIF(P52:AS52,"f") -> 0 | G52: =COUNTIF(P52:AS52,"ast") -> 0 | H52: =COUNTIF(P52:AS52,"cA") -> 0 | I52: =COUNTIF(P52:AS52,"rtt") -> 0 | J52: =COUNTIF(P52:AS52,"cex") -> 0 | K52: =COUNTIF(P52:AS52,"res") -> 0 | L52: =COUNTIF(P52:AS52,"mA") -> 2 | M52: =COUNTIF(P52:AS52,"at") -> 0 | N52: =COUNTIF(P52:AS52,"TAD") -> 0 | O52: =COUNTIF(P52:AS52,"TP") -> 0 | Q52: MA | T52: MA | AV52: =COUNTIF(P51:AS62,"P") -> 0 | AW52: =COUNTIF(P51:AS62,"PC") -> 0 | AX52: =COUNTIF(P51:AS62,"F") -> 0 | AY52: =COUNTIF(P51:AS62,"AST") -> 0 | AZ52: =COUNTIF(P51:AS62,"CA") -> 0 | BA52: =COUNTIF(P51:AS62,"RTT") -> 0 | BB52: =COUNTIF(P51:AS62,"CEX") -> 0 | BC52: =COUNTIF(P51:AS62,"RES") -> 0 | BD52: =COUNTIF(P51:AS62,"MA") -> 2 | BE52: =COUNTIF(P51:AS62,"AT") -> 0 | BF52: =COUNTIF(P51:AS62,"TP") -> 0
A53: =IFERROR(IF(config!E45="","",config!E45),"") -> T029231 | B53: =IFERROR(IF(config!F45="","",config!F45),"") -> DA SILVA REIS | C53: =IFERROR(IF(config!G45="","",config!G45),"") -> Alexandra | D53: =COUNTIF(P53:AS53,"p") -> 0 | E53: =COUNTIF(P53:AS53,"PC") -> 0 | F53: =COUNTIF(P53:AS53,"f") -> 0 | G53: =COUNTIF(P53:AS53,"ast") -> 0 | H53: =COUNTIF(P53:AS53,"cA") -> 0 | I53: =COUNTIF(P53:AS53,"rtt") -> 0 | J53: =COUNTIF(P53:AS53,"cex") -> 0 | K53: =COUNTIF(P53:AS53,"res") -> 0 | L53: =COUNTIF(P53:AS53,"mA") -> 0 | M53: =COUNTIF(P53:AS53,"at") -> 0 | N53: =COUNTIF(P53:AS53,"TAD") -> 0 | O53: =COUNTIF(P53:AS53,"TP") -> 0
A54: =IFERROR(IF(config!E46="","",config!E46),"") -> N011181 | B54: =IFERROR(IF(config!F46="","",config!F46),"") -> ELMAGROUD | C54: =IFERROR(IF(config!G46="","",config!G46),"") -> Sofiane | D54: =COUNTIF(P54:AS54,"p") -> 0 | E54: =COUNTIF(P54:AS54,"PC") -> 0 | F54: =COUNTIF(P54:AS54,"f") -> 0 | G54: =COUNTIF(P54:AS54,"ast") -> 0 | H54: =COUNTIF(P54:AS54,"cA") -> 0 | I54: =COUNTIF(P54:AS54,"rtt") -> 0 | J54: =COUNTIF(P54:AS54,"cex") -> 0 | K54: =COUNTIF(P54:AS54,"res") -> 0 | L54: =COUNTIF(P54:AS54,"mA") -> 0 | M54: =COUNTIF(P54:AS54,"at") -> 0 | N54: =COUNTIF(P54:AS54,"TAD") -> 0 | O54: =COUNTIF(P54:AS54,"TP") -> 0
A55: =IFERROR(IF(config!E47="","",config!E47),"") -> C004163 | B55: =IFERROR(IF(config!F47="","",config!F47),"") -> ESTEVE | C55: =IFERROR(IF(config!G47="","",config!G47),"") -> Thierry | D55: =COUNTIF(P55:AS55,"p") -> 0 | E55: =COUNTIF(P55:AS55,"PC") -> 0 | F55: =COUNTIF(P55:AS55,"f") -> 0 | G55: =COUNTIF(P55:AS55,"ast") -> 0 | H55: =COUNTIF(P55:AS55,"cA") -> 0 | I55: =COUNTIF(P55:AS55,"rtt") -> 0 | J55: =COUNTIF(P55:AS55,"cex") -> 0 | K55: =COUNTIF(P55:AS55,"res") -> 0 | L55: =COUNTIF(P55:AS55,"mA") -> 0 | M55: =COUNTIF(P55:AS55,"at") -> 0 | N55: =COUNTIF(P55:AS55,"TAD") -> 0 | O55: =COUNTIF(P55:AS55,"TP") -> 0
A56: =IFERROR(IF(config!E48="","",config!E48),"") -> C006428 | B56: =IFERROR(IF(config!F48="","",config!F48),"") -> KADRI | C56: =IFERROR(IF(config!G48="","",config!G48),"") -> Houssine | D56: =COUNTIF(P56:AS56,"p") -> 0 | E56: =COUNTIF(P56:AS56,"PC") -> 0 | F56: =COUNTIF(P56:AS56,"f") -> 0 | G56: =COUNTIF(P56:AS56,"ast") -> 0 | H56: =COUNTIF(P56:AS56,"cA") -> 0 | I56: =COUNTIF(P56:AS56,"rtt") -> 0 | J56: =COUNTIF(P56:AS56,"cex") -> 0 | K56: =COUNTIF(P56:AS56,"res") -> 0 | L56: =COUNTIF(P56:AS56,"mA") -> 0 | M56: =COUNTIF(P56:AS56,"at") -> 0 | N56: =COUNTIF(P56:AS56,"TAD") -> 0 | O56: =COUNTIF(P56:AS56,"TP") -> 0
A57: =IFERROR(IF(config!E49="","",config!E49),"") -> N023455 | B57: =IFERROR(IF(config!F49="","",config!F49),"") -> MALLET | C57: =IFERROR(IF(config!G49="","",config!G49),"") -> Ludovic | D57: =COUNTIF(P57:AS57,"p") -> 0 | E57: =COUNTIF(P57:AS57,"PC") -> 0 | F57: =COUNTIF(P57:AS57,"f") -> 0 | G57: =COUNTIF(P57:AS57,"ast") -> 0 | H57: =COUNTIF(P57:AS57,"cA") -> 0 | I57: =COUNTIF(P57:AS57,"rtt") -> 0 | J57: =COUNTIF(P57:AS57,"cex") -> 0 | K57: =COUNTIF(P57:AS57,"res") -> 0 | L57: =COUNTIF(P57:AS57,"mA") -> 0 | M57: =COUNTIF(P57:AS57,"at") -> 0 | N57: =COUNTIF(P57:AS57,"TAD") -> 0 | O57: =COUNTIF(P57:AS57,"TP") -> 0
A58: =IFERROR(IF(config!E50="","",config!E50),"") -> C007461 | B58: =IFERROR(IF(config!F50="","",config!F50),"") -> MAURY | C58: =IFERROR(IF(config!G50="","",config!G50),"") -> Xavier | D58: =COUNTIF(P58:AS58,"p") -> 0 | E58: =COUNTIF(P58:AS58,"PC") -> 0 | F58: =COUNTIF(P58:AS58,"f") -> 0 | G58: =COUNTIF(P58:AS58,"ast") -> 0 | H58: =COUNTIF(P58:AS58,"cA") -> 0 | I58: =COUNTIF(P58:AS58,"rtt") -> 0 | J58: =COUNTIF(P58:AS58,"cex") -> 0 | K58: =COUNTIF(P58:AS58,"res") -> 0 | L58: =COUNTIF(P58:AS58,"mA") -> 0 | M58: =COUNTIF(P58:AS58,"at") -> 0 | N58: =COUNTIF(P58:AS58,"TAD") -> 0 | O58: =COUNTIF(P58:AS58,"TP") -> 0
A59: =IFERROR(IF(config!E51="","",config!E51),"") -> T030790 | B59: =IFERROR(IF(config!F51="","",config!F51),"") -> MOINGT | C59: =IFERROR(IF(config!G51="","",config!G51),"") -> Joffrey | D59: =COUNTIF(P59:AS59,"p") -> 0 | E59: =COUNTIF(P59:AS59,"PC") -> 0 | F59: =COUNTIF(P59:AS59,"f") -> 0 | G59: =COUNTIF(P59:AS59,"ast") -> 0 | H59: =COUNTIF(P59:AS59,"cA") -> 0 | I59: =COUNTIF(P59:AS59,"rtt") -> 0 | J59: =COUNTIF(P59:AS59,"cex") -> 0 | K59: =COUNTIF(P59:AS59,"res") -> 0 | L59: =COUNTIF(P59:AS59,"mA") -> 0 | M59: =COUNTIF(P59:AS59,"at") -> 0 | N59: =COUNTIF(P59:AS59,"TAD") -> 0 | O59: =COUNTIF(P59:AS59,"TP") -> 0
A60: =IFERROR(IF(config!E52="","",config!E52),"") -> T030619 | B60: =IFERROR(IF(config!F52="","",config!F52),"") -> REY | C60: =IFERROR(IF(config!G52="","",config!G52),"") -> Adrien | D60: =COUNTIF(P60:AS60,"p") -> 0 | E60: =COUNTIF(P60:AS60,"PC") -> 0 | F60: =COUNTIF(P60:AS60,"f") -> 0 | G60: =COUNTIF(P60:AS60,"ast") -> 0 | H60: =COUNTIF(P60:AS60,"cA") -> 0 | I60: =COUNTIF(P60:AS60,"rtt") -> 0 | J60: =COUNTIF(P60:AS60,"cex") -> 0 | K60: =COUNTIF(P60:AS60,"res") -> 0 | L60: =COUNTIF(P60:AS60,"mA") -> 0 | M60: =COUNTIF(P60:AS60,"at") -> 0 | N60: =COUNTIF(P60:AS60,"TAD") -> 0 | O60: =COUNTIF(P60:AS60,"TP") -> 0
A61: =IFERROR(IF(config!E53="","",config!E53),"") -> N019681 | B61: =IFERROR(IF(config!F53="","",config!F53),"") -> TADJROUNA | C61: =IFERROR(IF(config!G53="","",config!G53),"") -> Mohamed | D61: =COUNTIF(P61:AS61,"p") -> 0 | E61: =COUNTIF(P61:AS61,"PC") -> 0 | F61: =COUNTIF(P61:AS61,"f") -> 0 | G61: =COUNTIF(P61:AS61,"ast") -> 0 | H61: =COUNTIF(P61:AS61,"cA") -> 0 | I61: =COUNTIF(P61:AS61,"rtt") -> 0 | J61: =COUNTIF(P61:AS61,"cex") -> 0 | K61: =COUNTIF(P61:AS61,"res") -> 0 | L61: =COUNTIF(P61:AS61,"mA") -> 0 | M61: =COUNTIF(P61:AS61,"at") -> 0 | N61: =COUNTIF(P61:AS61,"TAD") -> 0 | O61: =COUNTIF(P61:AS61,"TP") -> 0
A62: =IFERROR(IF(config!E54="","",config!E54),"") -> N019975 | B62: =IFERROR(IF(config!F54="","",config!F54),"") -> VILLENEUVE | C62: =IFERROR(IF(config!G54="","",config!G54),"") -> Fabrice | D62: =COUNTIF(P62:AS62,"p") -> 0 | E62: =COUNTIF(P62:AS62,"PC") -> 0 | F62: =COUNTIF(P62:AS62,"f") -> 0 | G62: =COUNTIF(P62:AS62,"ast") -> 0 | H62: =COUNTIF(P62:AS62,"cA") -> 0 | I62: =COUNTIF(P62:AS62,"rtt") -> 0 | J62: =COUNTIF(P62:AS62,"cex") -> 0 | K62: =COUNTIF(P62:AS62,"res") -> 0 | L62: =COUNTIF(P62:AS62,"mA") -> 0 | M62: =COUNTIF(P62:AS62,"at") -> 0 | N62: =COUNTIF(P62:AS62,"TAD") -> 0 | O62: =COUNTIF(P62:AS62,"TP") -> 0
A63: =IFERROR(IF(config!E55="","",config!E55),"") | AV63: MAGASIN
A64: =IFERROR(IF(config!E56="","",config!E56),"") -> COMMUN - MAGASINIER ET AGENTS ENTRETIEN | B64: =IFERROR(IF(config!F56="","",config!F56),"") | C64: =IFERROR(IF(config!G56="","",config!G56),"") | D64: =COUNTIF(P64:AS64,"p") -> 0 | E64: =COUNTIF(P64:AS64,"PC") -> 0 | F64: =COUNTIF(P64:AS64,"f") -> 0 | G64: =COUNTIF(P64:AS64,"ast") -> 0 | H64: =COUNTIF(P64:AS64,"cA") -> 0 | I64: =COUNTIF(P64:AS64,"rtt") -> 0 | J64: =COUNTIF(P64:AS64,"cex") -> 0 | K64: =COUNTIF(P64:AS64,"res") -> 0 | L64: =COUNTIF(P64:AS64,"mA") -> 0 | M64: =COUNTIF(P64:AS64,"at") -> 0 | N64: =COUNTIF(P64:AS64,"TAD") -> 0 | O64: =COUNTIF(P64:AS64,"TP") -> 0 | AV64: P | AW64: PC | AX64: F | AY64: AST | AZ64: CA | BA64: RTT | BB64: CEX | BC64: R | BD64: M | BE64: AT | BF64: TP
A65: =IFERROR(IF(config!E57="","",config!E57),"") -> N010342 | B65: =IFERROR(IF(config!F57="","",config!F57),"") -> VOL | C65: =IFERROR(IF(config!G57="","",config!G57),"") -> Christophe | D65: =COUNTIF(P65:AS65,"p") -> 0 | E65: =COUNTIF(P65:AS65,"PC") -> 0 | F65: =COUNTIF(P65:AS65,"f") -> 0 | G65: =COUNTIF(P65:AS65,"ast") -> 0 | H65: =COUNTIF(P65:AS65,"cA") -> 0 | I65: =COUNTIF(P65:AS65,"rtt") -> 0 | J65: =COUNTIF(P65:AS65,"cex") -> 0 | K65: =COUNTIF(P65:AS65,"res") -> 0 | L65: =COUNTIF(P65:AS65,"mA") -> 0 | M65: =COUNTIF(P65:AS65,"at") -> 0 | N65: =COUNTIF(P65:AS65,"TAD") -> 0 | O65: =COUNTIF(P65:AS65,"TP") -> 0 | AV65: =COUNTIF(P64:AS75,"P") -> 0 | AW65: =COUNTIF(P64:AS75,"PC") -> 0 | AX65: =COUNTIF(P64:AS75,"F") -> 0 | AY65: =COUNTIF(P64:AS75,"AST") -> 0 | AZ65: =COUNTIF(P64:AS75,"Ca") -> 0 | BA65: =COUNTIF(P64:AS75,"RTT") -> 0 | BB65: =COUNTIF(P64:AS75,"CEX") -> 0 | BC65: =COUNTIF(P64:AS75,"RES") -> 0 | BD65: =COUNTIF(P64:AS75,"MA") -> 0 | BE65: =COUNTIF(P64:AS75,"AT") -> 0 | BF65: =COUNTIF(P64:AS75,"TP") -> 11
A66: =IFERROR(IF(config!E58="","",config!E58),"") -> C003865 | B66: =IFERROR(IF(config!F58="","",config!F58),"") -> GENNA | C66: =IFERROR(IF(config!G58="","",config!G58),"") -> Grégory | D66: =COUNTIF(P66:AS66,"p") -> 0 | E66: =COUNTIF(P66:AS66,"PC") -> 0 | F66: =COUNTIF(P66:AS66,"f") -> 0 | G66: =COUNTIF(P66:AS66,"ast") -> 0 | H66: =COUNTIF(P66:AS66,"cA") -> 0 | I66: =COUNTIF(P66:AS66,"rtt") -> 0 | J66: =COUNTIF(P66:AS66,"cex") -> 0 | K66: =COUNTIF(P66:AS66,"res") -> 0 | L66: =COUNTIF(P66:AS66,"mA") -> 0 | M66: =COUNTIF(P66:AS66,"at") -> 0 | N66: =COUNTIF(P66:AS66,"TAD") -> 0 | O66: =COUNTIF(P66:AS66,"TP") -> 11 | Q66: TP | U66: TP | W66: TP | AA66: TP | AC66: TP | AE66: TP | AI66: TP | AK66: TP | AO66: TP | AQ66: TP | AS66: TP
A67: =IFERROR(IF(config!E59="","",config!E59),"") -> N010032 | B67: =IFERROR(IF(config!F59="","",config!F59),"") -> BERNARD | C67: =IFERROR(IF(config!G59="","",config!G59),"") -> Jean-Louis | D67: =COUNTIF(P67:AS67,"p") -> 0 | E67: =COUNTIF(P67:AS67,"PC") -> 0 | F67: =COUNTIF(P67:AS67,"f") -> 0 | G67: =COUNTIF(P67:AS67,"ast") -> 0 | H67: =COUNTIF(P67:AS67,"cA") -> 0 | I67: =COUNTIF(P67:AS67,"rtt") -> 0 | J67: =COUNTIF(P67:AS67,"cex") -> 0 | K67: =COUNTIF(P67:AS67,"res") -> 0 | L67: =COUNTIF(P67:AS67,"mA") -> 0 | M67: =COUNTIF(P67:AS67,"at") -> 0 | N67: =COUNTIF(P67:AS67,"TAD") -> 0 | O67: =COUNTIF(P67:AS67,"TP") -> 0
A68: =IFERROR(IF(config!E60="","",config!E60),"") -> N010563 | B68: =IFERROR(IF(config!F60="","",config!F60),"") -> HAUBRAICHE | C68: =IFERROR(IF(config!G60="","",config!G60),"") -> Philippe | D68: =COUNTIF(P68:AS68,"p") -> 0 | E68: =COUNTIF(P68:AS68,"PC") -> 0 | F68: =COUNTIF(P68:AS68,"f") -> 0 | G68: =COUNTIF(P68:AS68,"ast") -> 0 | H68: =COUNTIF(P68:AS68,"cA") -> 0 | I68: =COUNTIF(P68:AS68,"rtt") -> 0 | J68: =COUNTIF(P68:AS68,"cex") -> 0 | K68: =COUNTIF(P68:AS68,"res") -> 0 | L68: =COUNTIF(P68:AS68,"mA") -> 0 | M68: =COUNTIF(P68:AS68,"at") -> 0 | N68: =COUNTIF(P68:AS68,"TAD") -> 0 | O68: =COUNTIF(P68:AS68,"TP") -> 0
A69: =IFERROR(IF(config!E69="","",config!E69),"") | B69: =IFERROR(IF(config!F69="","",config!F69),"") | C69: =IFERROR(IF(config!G69="","",config!G69),"") | D69: =COUNTIF(P69:AS69,"p") -> 0 | E69: =COUNTIF(P69:AS69,"PC") -> 0 | F69: =COUNTIF(P69:AS69,"f") -> 0 | G69: =COUNTIF(P69:AS69,"ast") -> 0 | H69: =COUNTIF(P69:AS69,"cA") -> 0 | I69: =COUNTIF(P69:AS69,"rtt") -> 0 | J69: =COUNTIF(P69:AS69,"cex") -> 0 | K69: =COUNTIF(P69:AS69,"res") -> 0 | L69: =COUNTIF(P69:AS69,"mA") -> 0 | M69: =COUNTIF(P69:AS69,"at") -> 0 | N69: =COUNTIF(P69:AS69,"TAD") -> 0 | O69: =COUNTIF(P69:AS69,"TP") -> 0
T78: P

Sheet Fevrier 2026
A1: =config!B6 -> 46054
A2: =config!C6 -> 46081
P4: =A1 -> 46054 | Q4: =P4+1 -> 46055 | R4: =Q4+1 -> 46056 | S4: =R4+1 -> 46057 | T4: =S4+1 -> 46058 | U4: =T4+1 -> 46059 | V4: =U4+1 -> 46060 | W4: =V4+1 -> 46061 | X4: =W4+1 -> 46062 | ... AQ4: =AP4+1 -> 46081
A5: =TEXT(A1,"mmmmmmmmmmmm") -> février
D8: TOTAL | AM8: ARRET EVP JAN
D9: P | E9: PC | F9: F | G9: AST | H9: CA | I9: RTT | J9: CEX | K9: R | L9: M | M9: AT | N9: TAD | O9: TP | P9: =IFERROR(WEEKDAY(P4),"") -> 1 | Q9: =IFERROR(WEEKDAY(Q4),"") -> 2 | R9: =IFERROR(WEEKDAY(R4),"") -> 3 | S9: =IFERROR(WEEKDAY(S4),"") -> 4 | T9: =IFERROR(WEEKDAY(T4),"") -> 5 | U9: =IFERROR(WEEKDAY(U4),"") -> 6 | V9: =IFERROR(WEEKDAY(V4),"") -> 7 | W9: =IFERROR(WEEKDAY(W4),"") -> 1 | ... AQ9: =IFERROR(WEEKDAY(AQ4),"") -> 7
A10: Matricule | B10: Nom | C10: Prénom | D10: PRESENCE | E10: PREV CONGES | F10: FORMATION | G10: ASTREINT | H10: CONGES ANNUEL | I10: RTT | J10: CONGES EXC | K10: RESERVE | L10: MALADIE | M10: ACCIDENT DE TRAVAIL | N10: TRAVAI A DISTANCE | O10: Tps partiel TH | P10: =DAY(P4) -> 1 | Q10: =DAY(Q4) -> 2 | R10: =DAY(R4) -> 3 | S10: =DAY(S4) -> 4 | T10: =DAY(T4) -> 5 | U10: =DAY(U4) -> 6 | V10: =DAY(V4) -> 7 | W10: =DAY(W4) -> 8 | ... AQ10: =DAY(AQ4) -> 28
A11: =IFERROR(IF(config!E3="","",config!E3),"") -> N019002 | B11: =IFERROR(IF(config!F3="","",config!F3),"") -> DEBREYNE | C11: =IFERROR(IF(config!G3="","",config!G3),"") -> Audrey | D11: =COUNTIF(P11:AQ11,"p") -> 0 | E11: =COUNTIF(P11:AQ11,"PC") -> 6 | F11: =COUNTIF(P11:AQ11,"f") -> 0 | G11: =COUNTIF(P11:AQ11,"ast") -> 0 | H11: =COUNTIF(P11:AQ11,"cA") -> 0 | I11: =COUNTIF(P11:AQ11,"rtt") -> 0 | J11: =COUNTIF(P11:AQ11,"cex") -> 0 | K11: =COUNTIF(P11:AQ11,"res") -> 0 | L11: =COUNTIF(P11:AQ11,"mA") -> 0 | M11: =COUNTIF(P11:AQ11,"at") -> 0 | N11: =COUNTIF(P11:AQ11,"TAD") -> 0 | O11: =COUNTIF(P11:AQ11,"TP") -> 0 | U11: PC | X11: PC | Y11: PC | Z11: PC | AA11: PC | AB11: PC | AS11: BUREAU
A12: =IFERROR(IF(config!E4="","",config!E4),"") -> N024050 | B12: =IFERROR(IF(config!F4="","",config!F4),"") -> LUTARD | C12: =IFERROR(IF(config!G4="","",config!G4),"") -> Karyne | D12: =COUNTIF(P12:AQ12,"p") -> 0 | E12: =COUNTIF(P12:AQ12,"PC") -> 1 | F12: =COUNTIF(P12:AQ12,"f") -> 0 | G12: =COUNTIF(P12:AQ12,"ast") -> 0 | H12: =COUNTIF(P12:AQ12,"cA") -> 0 | I12: =COUNTIF(P12:AQ12,"rtt") -> 0 | J12: =COUNTIF(P12:AQ12,"cex") -> 0 | K12: =COUNTIF(P12:AQ12,"res") -> 0 | L12: =COUNTIF(P12:AQ12,"mA") -> 0 | M12: =COUNTIF(P12:AQ12,"at") -> 0 | N12: =COUNTIF(P12:AQ12,"TAD") -> 0 | O12: =COUNTIF(P12:AQ12,"TP") -> 0 | R12: PC | AS12: P | AT12: PC | AU12: F | AV12: AST | AW12: CA | AX12: RTT | AY12: CEX | AZ12: R | BA12: M | BB12: AT | BC12: TP
A13: =IFERROR(IF(config!E5="","",config!E5),"") -> N018905 | B13: =IFERROR(IF(config!F5="","",config!F5),"") -> HAUTDECOEUR | C13: =IFERROR(IF(config!G5="","",config!G5),"") -> Laurence | D13: =COUNTIF(P13:AQ13,"p") -> 0 | E13: =COUNTIF(P13:AQ13,"PC") -> 0 | F13: =COUNTIF(P13:AQ13,"f") -> 0 | G13: =COUNTIF(P13:AQ13,"ast") -> 0 | H13: =COUNTIF(P13:AQ13,"cA") -> 0 | I13: =COUNTIF(P13:AQ13,"rtt") -> 0 | J13: =COUNTIF(P13:AQ13,"cex") -> 0 | K13: =COUNTIF(P13:AQ13,"res") -> 0 | L13: =COUNTIF(P13:AQ13,"mA") -> 0 | M13: =COUNTIF(P13:AQ13,"at") -> 0 | N13: =COUNTIF(P13:AQ13,"TAD") -> 0 | O13: =COUNTIF(P13:AQ13,"TP") -> 0 | AS13: =COUNTIF(P11:AQ29,"p") -> 0 | AT13: =COUNTIF(P11:AQ29,"PC") -> 18 | AU13: =COUNTIF(P11:AQ29,"f") -> 0 | AV13: =COUNTIF(P11:AQ29,"ast") -> 0 | AW13: =COUNTIF(P11:AQ29,"ca") -> 6 | AX13: =COUNTIF(P11:AQ29,"rtt") -> 2 | AY13: =COUNTIF(P11:AQ29,"CEX") -> 12 | AZ13: =COUNTIF(P11:AQ29,"RES") -> 0 | BA13: =COUNTIF(P11:AQ29,"MA") -> 0 | BB13: =COUNTIF(P11:AQ29,"AT") -> 0 | BC13: =COUNTIF(P11:AQ29,"TP") -> 0
A14: =IFERROR(IF(config!E6="","",config!E6),"") -> N016820 | B14: =IFERROR(IF(config!F6="","",config!F6),"") -> GRENET | C14: =IFERROR(IF(config!G6="","",config!G6),"") -> Eric | D14: =COUNTIF(P14:AQ14,"p") -> 0 | E14: =COUNTIF(P14:AQ14,"PC") -> 0 | F14: =COUNTIF(P14:AQ14,"f") -> 0 | G14: =COUNTIF(P14:AQ14,"ast") -> 0 | H14: =COUNTIF(P14:AQ14,"cA") -> 0 | I14: =COUNTIF(P14:AQ14,"rtt") -> 0 | J14: =COUNTIF(P14:AQ14,"cex") -> 0 | K14: =COUNTIF(P14:AQ14,"res") -> 0 | L14: =COUNTIF(P14:AQ14,"mA") -> 0 | M14: =COUNTIF(P14:AQ14,"at") -> 0 | N14: =COUNTIF(P14:AQ14,"TAD") -> 0 | O14: =COUNTIF(P14:AQ14,"TP") -> 0
A15: =IFERROR(IF(config!E7="","",config!E7),"") -> C003285 | B15: =IFERROR(IF(config!F7="","",config!F7),"") -> FOURCADE | C15: =IFERROR(IF(config!G7="","",config!G7),"") -> Hervé | D15: =COUNTIF(P15:AQ15,"p") -> 0 | E15: =COUNTIF(P15:AQ15,"PC") -> 0 | F15: =COUNTIF(P15:AQ15,"f") -> 0 | G15: =COUNTIF(P15:AQ15,"ast") -> 0 | H15: =COUNTIF(P15:AQ15,"cA") -> 0 | I15: =COUNTIF(P15:AQ15,"rtt") -> 0 | J15: =COUNTIF(P15:AQ15,"cex") -> 0 | K15: =COUNTIF(P15:AQ15,"res") -> 0 | L15: =COUNTIF(P15:AQ15,"mA") -> 0 | M15: =COUNTIF(P15:AQ15,"at") -> 0 | N15: =COUNTIF(P15:AQ15,"TAD") -> 0 | O15: =COUNTIF(P15:AQ15,"TP") -> 0
A16: =IFERROR(IF(config!E8="","",config!E8),"") -> JT030845 | B16: =IFERROR(IF(config!F8="","",config!F8),"") -> GONCALVES | C16: =IFERROR(IF(config!G8="","",config!G8),"") -> Lionel | D16: =COUNTIF(P16:AQ16,"p") -> 0 | E16: =COUNTIF(P16:AQ16,"PC") -> 0 | F16: =COUNTIF(P16:AQ16,"f") -> 0 | G16: =COUNTIF(P16:AQ16,"ast") -> 0 | H16: =COUNTIF(P16:AQ16,"cA") -> 0 | I16: =COUNTIF(P16:AQ16,"rtt") -> 0 | J16: =COUNTIF(P16:AQ16,"cex") -> 0 | K16: =COUNTIF(P16:AQ16,"res") -> 0 | L16: =COUNTIF(P16:AQ16,"mA") -> 0 | M16: =COUNTIF(P16:AQ16,"at") -> 0 | N16: =COUNTIF(P16:AQ16,"TAD") -> 0 | O16: =COUNTIF(P16:AQ16,"TP") -> 0
A17: =IFERROR(IF(config!E9="","",config!E9),"") -> N011045 | B17: =IFERROR(IF(config!F9="","",config!F9),"") -> SIGALA | C17: =IFERROR(IF(config!G9="","",config!G9),"") -> Jean-Christohpe | D17: =COUNTIF(P17:AQ17,"p") -> 0 | E17: =COUNTIF(P17:AQ17,"PC") -> 0 | F17: =COUNTIF(P17:AQ17,"f") -> 0 | G17: =COUNTIF(P17:AQ17,"ast") -> 0 | H17: =COUNTIF(P17:AQ17,"cA") -> 0 | I17: =COUNTIF(P17:AQ17,"rtt") -> 0 | J17: =COUNTIF(P17:AQ17,"cex") -> 0 | K17: =COUNTIF(P17:AQ17,"res") -> 0 | L17: =COUNTIF(P17:AQ17,"mA") -> 0 | M17: =COUNTIF(P17:AQ17,"at") -> 0 | N17: =COUNTIF(P17:AQ17,"TAD") -> 0 | O17: =COUNTIF(P17:AQ17,"TP") -> 0
A18: =IFERROR(IF(config!E10="","",config!E10),"") -> N010036 | B18: =IFERROR(IF(config!F10="","",config!F10),"") -> BETTINGER | C18: =IFERROR(IF(config!G10="","",config!G10),"") -> Philippe | D18: =COUNTIF(P18:AQ18,"p") -> 0 | E18: =COUNTIF(P18:AQ18,"PC") -> 0 | F18: =COUNTIF(P18:AQ18,"f") -> 0 | G18: =COUNTIF(P18:AQ18,"ast") -> 0 | H18: =COUNTIF(P18:AQ18,"cA") -> 6 | I18: =COUNTIF(P18:AQ18,"rtt") -> 2 | J18: =COUNTIF(P18:AQ18,"cex") -> 12 | K18: =COUNTIF(P18:AQ18,"res") -> 0 | L18: =COUNTIF(P18:AQ18,"mA") -> 0 | M18: =COUNTIF(P18:AQ18,"at") -> 0 | N18: =COUNTIF(P18:AQ18,"TAD") -> 0 | O18: =COUNTIF(P18:AQ18,"TP") -> 0 | Q18: CEX | R18: CEX | S18: CEX | T18: CEX | U18: CEX | X18: CEX | Y18: CEX | Z18: CEX | AA18: CEX | AB18: CEX | AE18: CEX | AF18: CEX | AG18: CA | AH18: CA | AI18: CA | AL18: CA | AM18: CA | AN18: RTT | AO18: RTT | AP18: CA
A19: =IFERROR(IF(config!E11="","",config!E11),"") -> N015967 | B19: =IFERROR(IF(config!F11="","",config!F11),"") -> TUCOULET | C19: =IFERROR(IF(config!G11="","",config!G11),"") -> Dorian | D19: =COUNTIF(P19:AQ19,"p") -> 0 | E19: =COUNTIF(P19:AQ19,"PC") -> 0 | F19: =COUNTIF(P19:AQ19,"f") -> 0 | G19: =COUNTIF(P19:AQ19,"ast") -> 0 | H19: =COUNTIF(P19:AQ19,"cA") -> 0 | I19: =COUNTIF(P19:AQ19,"rtt") -> 0 | J19: =COUNTIF(P19:AQ19,"cex") -> 0 | K19: =COUNTIF(P19:AQ19,"res") -> 0 | L19: =COUNTIF(P19:AQ19,"mA") -> 0 | M19: =COUNTIF(P19:AQ19,"at") -> 0 | N19: =COUNTIF(P19:AQ19,"TAD") -> 0 | O19: =COUNTIF(P19:AQ19,"TP") -> 0
A20: =IFERROR(IF(config!E12="","",config!E12),"") -> N017539 | B20: =IFERROR(IF(config!F12="","",config!F12),"") -> VRBOVSKA | C20: =IFERROR(IF(config!G12="","",config!G12),"") -> Xavier | D20: =COUNTIF(P20:AQ20,"p") -> 0 | E20: =COUNTIF(P20:AQ20,"PC") -> 6 | F20: =COUNTIF(P20:AQ20,"f") -> 0 | G20: =COUNTIF(P20:AQ20,"ast") -> 0 | H20: =COUNTIF(P20:AQ20,"cA") -> 0 | I20: =COUNTIF(P20:AQ20,"rtt") -> 0 | J20: =COUNTIF(P20:AQ20,"cex") -> 0 | K20: =COUNTIF(P20:AQ20,"res") -> 0 | L20: =COUNTIF(P20:AQ20,"mA") -> 0 | M20: =COUNTIF(P20:AQ20,"at") -> 0 | N20: =COUNTIF(P20:AQ20,"TAD") -> 0 | O20: =COUNTIF(P20:AQ20,"TP") -> 0 | AE20: PC | AF20: PC | AG20: PC | AH20: PC | AI20: PC | AN20: PC
A21: =IFERROR(IF(config!E13="","",config!E13),"") -> MAINTENANCE
A22: =IFERROR(IF(config!E14="","",config!E14),"") -> SURVEILLANT DE TRAVAUX
A23: =IFERROR(IF(config!E15="","",config!E15),"") -> C004587 | B23: =IFERROR(IF(config!F15="","",config!F15),"") -> BOURGOIN | C23: =IFERROR(IF(config!G15="","",config!G15),"") -> Jean-Baptiste | D23: =COUNTIF(P23:AQ23,"p") -> 0 | E23: =COUNTIF(P23:AQ23,"PC") -> 0 | F23: =COUNTIF(P23:AQ23,"f") -> 0 | G23: =COUNTIF(P23:AQ23,"ast") -> 0 | H23: =COUNTIF(P23:AQ23,"cA") -> 0 | I23: =COUNTIF(P23:AQ23,"rtt") -> 0 | J23: =COUNTIF(P23:AQ23,"cex") -> 0 | K23: =COUNTIF(P23:AQ23,"res") -> 0 | L23: =COUNTIF(P23:AQ23,"mA") -> 0 | M23: =COUNTIF(P23:AQ23,"at") -> 0 | N23: =COUNTIF(P23:AQ23,"TAD") -> 0 | O23: =COUNTIF(P23:AQ23,"TP") -> 0
A24: =IFERROR(IF(config!E16="","",config!E16),"") -> N02645 | B24: =IFERROR(IF(config!F16="","",config!F16),"") -> MERCADIEU | C24: =IFERROR(IF(config!G16="","",config!G16),"") -> Baptiste | D24: =COUNTIF(P24:AQ24,"p") -> 0 | E24: =COUNTIF(P24:AQ24,"PC") -> 0 | F24: =COUNTIF(P24:AQ24,"f") -> 0 | G24: =COUNTIF(P24:AQ24,"ast") -> 0 | H24: =COUNTIF(P24:AQ24,"cA") -> 0 | I24: =COUNTIF(P24:AQ24,"rtt") -> 0 | J24: =COUNTIF(P24:AQ24,"cex") -> 0 | K24: =COUNTIF(P24:AQ24,"res") -> 0 | L24: =COUNTIF(P24:AQ24,"mA") -> 0 | M24: =COUNTIF(P24:AQ24,"at") -> 0 | N24: =COUNTIF(P24:AQ24,"TAD") -> 0 | O24: =COUNTIF(P24:AQ24,"TP") -> 0
A25: =IFERROR(IF(config!E17="","",config!E17),"") -> ASDP
A26: =IFERROR(IF(config!E18="","",config!E18),"") -> C004845 | B26: =IFERROR(IF(config!F18="","",config!F18),"") -> GARCIA | C26: =IFERROR(IF(config!G18="","",config!G18),"") -> Yoan | D26: =COUNTIF(P26:AQ26,"p") -> 0 | E26: =COUNTIF(P26:AQ26,"PC") -> 0 | F26: =COUNTIF(P26:AQ26,"f") -> 0 | G26: =COUNTIF(P26:AQ26,"ast") -> 0 | H26: =COUNTIF(P26:AQ26,"cA") -> 0 | I26: =COUNTIF(P26:AQ26,"rtt") -> 0 | J26: =COUNTIF(P26:AQ26,"cex") -> 0 | K26: =COUNTIF(P26:AQ26,"res") -> 0 | L26: =COUNTIF(P26:AQ26,"mA") -> 0 | M26: =COUNTIF(P26:AQ26,"at") -> 0 | N26: =COUNTIF(P26:AQ26,"TAD") -> 0 | O26: =COUNTIF(P26:AQ26,"TP") -> 0
A27: =IFERROR(IF(config!E19="","",config!E19),"") -> C005015 | B27: =IFERROR(IF(config!F19="","",config!F19),"") -> LARROUDE | C27: =IFERROR(IF(config!G19="","",config!G19),"") -> Christophe | D27: =COUNTIF(P27:AQ27,"p") -> 0 | E27: =COUNTIF(P27:AQ27,"PC") -> 5 | F27: =COUNTIF(P27:AQ27,"f") -> 0 | G27: =COUNTIF(P27:AQ27,"ast") -> 0 | H27: =COUNTIF(P27:AQ27,"cA") -> 0 | I27: =COUNTIF(P27:AQ27,"rtt") -> 0 | J27: =COUNTIF(P27:AQ27,"cex") -> 0 | K27: =COUNTIF(P27:AQ27,"res") -> 0 | L27: =COUNTIF(P27:AQ27,"mA") -> 0 | M27: =COUNTIF(P27:AQ27,"at") -> 0 | N27: =COUNTIF(P27:AQ27,"TAD") -> 0 | O27: =COUNTIF(P27:AQ27,"TP") -> 0 | Q27: PC | R27: PC | S27: PC | T27: PC | U27: PC
A28: =IFERROR(IF(config!E20="","",config!E20),"") -> N020065 | B28: =IFERROR(IF(config!F20="","",config!F20),"") -> SAMITIER | C28: =IFERROR(IF(config!G20="","",config!G20),"") -> Beatrice | D28: =COUNTIF(P28:AQ28,"p") -> 0 | E28: =COUNTIF(P28:AQ28,"PC") -> 0 | F28: =COUNTIF(P28:AQ28,"f") -> 0 | G28: =COUNTIF(P28:AQ28,"ast") -> 0 | H28: =COUNTIF(P28:AQ28,"cA") -> 0 | I28: =COUNTIF(P28:AQ28,"rtt") -> 0 | J28: =COUNTIF(P28:AQ28,"cex") -> 0 | K28: =COUNTIF(P28:AQ28,"res") -> 0 | L28: =COUNTIF(P28:AQ28,"mA") -> 0 | M28: =COUNTIF(P28:AQ28,"at") -> 0 | N28: =COUNTIF(P28:AQ28,"TAD") -> 0 | O28: =COUNTIF(P28:AQ28,"TP") -> 0
A29: =IFERROR(IF(config!E21="","",config!E21),"") -> C005216 | B29: =IFERROR(IF(config!F21="","",config!F21),"") -> PIEL | C29: =IFERROR(IF(config!G21="","",config!G21),"") -> Frédy | D29: =COUNTIF(P29:AQ29,"p") -> 0 | E29: =COUNTIF(P29:AQ29,"PC") -> 0 | F29: =COUNTIF(P29:AQ29,"f") -> 0 | G29: =COUNTIF(P29:AQ29,"ast") -> 0 | H29: =COUNTIF(P29:AQ29,"cA") -> 0 | I29: =COUNTIF(P29:AQ29,"rtt") -> 0 | J29: =COUNTIF(P29:AQ29,"cex") -> 0 | K29: =COUNTIF(P29:AQ29,"res") -> 0 | L29: =COUNTIF(P29:AQ29,"mA") -> 0 | M29: =COUNTIF(P29:AQ29,"at") -> 0 | N29: =COUNTIF(P29:AQ29,"TAD") -> 0 | O29: =COUNTIF(P29:AQ29,"TP") -> 0
A30: =IFERROR(IF(config!E22="","",config!E22),"") -> PROPRETE
A31: =IFERROR(IF(config!E23="","",config!E23),"") -> JN020502 | B31: =IFERROR(IF(config!F23="","",config!F23),"") -> GOURVIAT | C31: =IFERROR(IF(config!G23="","",config!G23),"") -> Annabelle | D31: =COUNTIF(P31:AQ31,"p") -> 0 | E31: =COUNTIF(P31:AQ31,"PC") -> 0 | F31: =COUNTIF(P31:AQ31,"f") -> 0 | G31: =COUNTIF(P31:AQ31,"ast") -> 0 | H31: =COUNTIF(P31:AQ31,"cA") -> 0 | I31: =COUNTIF(P31:AQ31,"rtt") -> 0 | J31: =COUNTIF(P31:AQ31,"cex") -> 0 | K31: =COUNTIF(P31:AQ31,"res") -> 0 | L31: =COUNTIF(P31:AQ31,"mA") -> 0 | M31: =COUNTIF(P31:AQ31,"at") -> 0 | N31: =COUNTIF(P31:AQ31,"TAD") -> 0 | O31: =COUNTIF(P31:AQ31,"TP") -> 0
A32: =IFERROR(IF(config!E24="","",config!E24),"") -> JT032516 | B32: =IFERROR(IF(config!F24="","",config!F24),"") -> LARTIGUE | C32: =IFERROR(IF(config!G24="","",config!G24),"") -> Laura | D32: =COUNTIF(P32:AQ32,"p") -> 0 | E32: =COUNTIF(P32:AQ32,"PC") -> 0 | F32: =COUNTIF(P32:AQ32,"f") -> 0 | G32: =COUNTIF(P32:AQ32,"ast") -> 0 | H32: =COUNTIF(P32:AQ32,"cA") -> 0 | I32: =COUNTIF(P32:AQ32,"rtt") -> 0 | J32: =COUNTIF(P32:AQ32,"cex") -> 0 | K32: =COUNTIF(P32:AQ32,"res") -> 0 | L32: =COUNTIF(P32:AQ32,"mA") -> 0 | M32: =COUNTIF(P32:AQ32,"at") -> 0 | N32: =COUNTIF(P32:AQ32,"TAD") -> 0 | O32: =COUNTIF(P32:AQ32,"TP") -> 0
A33: =IFERROR(IF(config!E25="","",config!E25),"") -> JN010897 | B33: =IFERROR(IF(config!F25="","",config!F25),"") -> TRIQUENEAUX | C33: =IFERROR(IF(config!G25="","",config!G25),"") -> Benoit | D33: =COUNTIF(P33:AQ33,"p") -> 0 | E33: =COUNTIF(P33:AQ33,"PC") -> 0 | F33: =COUNTIF(P33:AQ33,"f") -> 0 | G33: =COUNTIF(P33:AQ33,"ast") -> 0 | H33: =COUNTIF(P33:AQ33,"cA") -> 0 | I33: =COUNTIF(P33:AQ33,"rtt") -> 0 | J33: =COUNTIF(P33:AQ33,"cex") -> 0 | K33: =COUNTIF(P33:AQ33,"res") -> 0 | L33: =COUNTIF(P33:AQ33,"mA") -> 0 | M33: =COUNTIF(P33:AQ33,"at") -> 0 | N33: =COUNTIF(P33:AQ33,"TAD") -> 0 | O33: =COUNTIF(P33:AQ33,"TP") -> 0
A34: =IFERROR(IF(config!E26="","",config!E26),"") -> JN010381 | B34: =IFERROR(IF(config!F26="","",config!F26),"") -> ESPERON | C34: =IFERROR(IF(config!G26="","",config!G26),"") -> Alain | D34: =COUNTIF(P34:AQ34,"p") -> 0 | E34: =COUNTIF(P34:AQ34,"PC") -> 0 | F34: =COUNTIF(P34:AQ34,"f") -> 0 | G34: =COUNTIF(P34:AQ34,"ast") -> 0 | H34: =COUNTIF(P34:AQ34,"cA") -> 0 | I34: =COUNTIF(P34:AQ34,"rtt") -> 0 | J34: =COUNTIF(P34:AQ34,"cex") -> 0 | K34: =COUNTIF(P34:AQ34,"res") -> 0 | L34: =COUNTIF(P34:AQ34,"mA") -> 0 | M34: =COUNTIF(P34:AQ34,"at") -> 0 | N34: =COUNTIF(P34:AQ34,"TAD") -> 0 | O34: =COUNTIF(P34:AQ34,"TP") -> 0
A35: =IFERROR(IF(config!E27="","",config!E27),"") -> JN010750 | B35: =IFERROR(IF(config!F27="","",config!F27),"") -> ROUGLAN | C35: =IFERROR(IF(config!G27="","",config!G27),"") -> William | D35: =COUNTIF(P35:AQ35,"p") -> 0 | E35: =COUNTIF(P35:AQ35,"PC") -> 0 | F35: =COUNTIF(P35:AQ35,"f") -> 0 | G35: =COUNTIF(P35:AQ35,"ast") -> 0 | H35: =COUNTIF(P35:AQ35,"cA") -> 0 | I35: =COUNTIF(P35:AQ35,"rtt") -> 0 | J35: =COUNTIF(P35:AQ35,"cex") -> 0 | K35: =COUNTIF(P35:AQ35,"res") -> 0 | L35: =COUNTIF(P35:AQ35,"mA") -> 0 | M35: =COUNTIF(P35:AQ35,"at") -> 0 | N35: =COUNTIF(P35:AQ35,"TAD") -> 0 | O35: =COUNTIF(P35:AQ35,"TP") -> 0
A36: =IFERROR(IF(config!E28="","",config!E28),"") -> JN010461 | B36: =IFERROR(IF(config!F28="","",config!F28),"") -> NOURRI | C36: =IFERROR(IF(config!G28="","",config!G28),"") -> Danny | D36: =COUNTIF(P36:AQ36,"p") -> 0 | E36: =COUNTIF(P36:AQ36,"PC") -> 0 | F36: =COUNTIF(P36:AQ36,"f") -> 0 | G36: =COUNTIF(P36:AQ36,"ast") -> 0 | H36: =COUNTIF(P36:AQ36,"cA") -> 0 | I36: =COUNTIF(P36:AQ36,"rtt") -> 0 | J36: =COUNTIF(P36:AQ36,"cex") -> 0 | K36: =COUNTIF(P36:AQ36,"res") -> 0 | L36: =COUNTIF(P36:AQ36,"mA") -> 0 | M36: =COUNTIF(P36:AQ36,"at") -> 0 | N36: =COUNTIF(P36:AQ36,"TAD") -> 0 | O36: =COUNTIF(P36:AQ36,"TP") -> 0
A37: =IFERROR(IF(config!E29="","",config!E29),"") -> REGIE
A38: =IFERROR(IF(config!E30="","",config!E30),"") -> AGENTS VOIRIE | AS38: VOIRIE
A39: =IFERROR(IF(config!E31="","",config!E31),"") -> JT028103 | B39: =IFERROR(IF(config!F31="","",config!F31),"") -> BERRIO-GAUDNER | C39: =IFERROR(IF(config!G31="","",config!G31),"") -> Jacques | D39: =COUNTIF(P39:AQ39,"p") -> 0 | E39: =COUNTIF(P39:AQ39,"PC") -> 0 | F39: =COUNTIF(P39:AQ39,"f") -> 0 | G39: =COUNTIF(P39:AQ39,"ast") -> 0 | H39: =COUNTIF(P39:AQ39,"cA") -> 0 | I39: =COUNTIF(P39:AQ39,"rtt") -> 0 | J39: =COUNTIF(P39:AQ39,"cex") -> 0 | K39: =COUNTIF(P39:AQ39,"res") -> 0 | L39: =COUNTIF(P39:AQ39,"mA") -> 0 | M39: =COUNTIF(P39:AQ39,"at") -> 0 | N39: =COUNTIF(P39:AQ39,"TAD") -> 0 | O39: =COUNTIF(P39:AQ39,"TP") -> 0 | AS39: P | AT39: PC | AU39: F | AV39: AST | AW39: CA | AX39: RTT | AY39: CEX | AZ39: R | BA39: M | BB39: AT | BC39: TP
A40: =IFERROR(IF(config!E32="","",config!E32),"") -> C002908 | B40: =IFERROR(IF(config!F32="","",config!F32),"") -> FONTENEAU | C40: =IFERROR(IF(config!G32="","",config!G32),"") -> Fabrice | D40: =COUNTIF(P40:AQ40,"p") -> 0 | E40: =COUNTIF(P40:AQ40,"PC") -> 1 | F40: =COUNTIF(P40:AQ40,"f") -> 0 | G40: =COUNTIF(P40:AQ40,"ast") -> 0 | H40: =COUNTIF(P40:AQ40,"cA") -> 0 | I40: =COUNTIF(P40:AQ40,"rtt") -> 0 | J40: =COUNTIF(P40:AQ40,"cex") -> 0 | K40: =COUNTIF(P40:AQ40,"res") -> 0 | L40: =COUNTIF(P40:AQ40,"mA") -> 0 | M40: =COUNTIF(P40:AQ40,"at") -> 0 | N40: =COUNTIF(P40:AQ40,"TAD") -> 0 | O40: =COUNTIF(P40:AQ40,"TP") -> 0 | Q40: PC | AS40: =COUNTIF(P39:AQ49,"p") -> 0 | AT40: =COUNTIF(P39:AQ49,"pc") -> 1 | AU40: =COUNTIF(P39:AQ49,"f") -> 0 | AV40: =COUNTIF(P39:AQ49,"ast") -> 0 | AW40: =COUNTIF(P39:AQ49,"cA") -> 0 | AX40: =COUNTIF(P39:AQ49,"rtt") -> 0 | AY40: =COUNTIF(P39:AQ49,"cex") -> 0 | AZ40: =COUNTIF(P39:AQ49,"RES") -> 0 | BA40: =COUNTIF(P39:AQ49,"MA") -> 0 | BB40: =COUNTIF(P39:AQ49,"at") -> 28 | BC40: =COUNTIF(P39:AQ49,"TP") -> 0
A41: =IFERROR(IF(config!E33="","",config!E33),"") -> C004504 | B41: =IFERROR(IF(config!F33="","",config!F33),"") -> GUIJARRO | C41: =IFERROR(IF(config!G33="","",config!G33),"") -> Juan-Pédro | D41: =COUNTIF(P41:AQ41,"p") -> 0 | E41: =COUNTIF(P41:AQ41,"PC") -> 0 | F41: =COUNTIF(P41:AQ41,"f") -> 0 | G41: =COUNTIF(P41:AQ41,"ast") -> 0 | H41: =COUNTIF(P41:AQ41,"cA") -> 0 | I41: =COUNTIF(P41:AQ41,"rtt") -> 0 | J41: =COUNTIF(P41:AQ41,"cex") -> 0 | K41: =COUNTIF(P41:AQ41,"res") -> 0 | L41: =COUNTIF(P41:AQ41,"mA") -> 0 | M41: =COUNTIF(P41:AQ41,"at") -> 0 | N41: =COUNTIF(P41:AQ41,"TAD") -> 0 | O41: =COUNTIF(P41:AQ41,"TP") -> 0
A42: =IFERROR(IF(config!E34="","",config!E34),"") -> T028198 | B42: =IFERROR(IF(config!F34="","",config!F34),"") -> GOUREAU | C42: =IFERROR(IF(config!G34="","",config!G34),"") -> Jonathan | D42: =COUNTIF(P42:AQ42,"p") -> 0 | E42: =COUNTIF(P42:AQ42,"PC") -> 0 | F42: =COUNTIF(P42:AQ42,"f") -> 0 | G42: =COUNTIF(P42:AQ42,"ast") -> 0 | H42: =COUNTIF(P42:AQ42,"cA") -> 0 | I42: =COUNTIF(P42:AQ42,"rtt") -> 0 | J42: =COUNTIF(P42:AQ42,"cex") -> 0 | K42: =COUNTIF(P42:AQ42,"res") -> 0 | L42: =COUNTIF(P42:AQ42,"mA") -> 0 | M42: =COUNTIF(P42:AQ42,"at") -> 0 | N42: =COUNTIF(P42:AQ42,"TAD") -> 0 | O42: =COUNTIF(P42:AQ42,"TP") -> 0
A43: =IFERROR(IF(config!E35="","",config!E35),"") -> C002986 | B43: =IFERROR(IF(config!F35="","",config!F35),"") -> LABORIE | C43: =IFERROR(IF(config!G35="","",config!G35),"") -> Jean-Louis | D43: =COUNTIF(P43:AQ43,"p") -> 0 | E43: =COUNTIF(P43:AQ43,"PC") -> 0 | F43: =COUNTIF(P43:AQ43,"f") -> 0 | G43: =COUNTIF(P43:AQ43,"ast") -> 0 | H43: =COUNTIF(P43:AQ43,"cA") -> 0 | I43: =COUNTIF(P43:AQ43,"rtt") -> 0 | J43: =COUNTIF(P43:AQ43,"cex") -> 0 | K43: =COUNTIF(P43:AQ43,"res") -> 0 | L43: =COUNTIF(P43:AQ43,"mA") -> 0 | M43: =COUNTIF(P43:AQ43,"at") -> 0 | N43: =COUNTIF(P43:AQ43,"TAD") -> 0 | O43: =COUNTIF(P43:AQ43,"TP") -> 0
A44: =IFERROR(IF(config!E36="","",config!E36),"") -> C007317 | B44: =IFERROR(IF(config!F36="","",config!F36),"") -> LARRIEU | C44: =IFERROR(IF(config!G36="","",config!G36),"") -> Cédric | D44: =COUNTIF(P44:AQ44,"p") -> 0 | E44: =COUNTIF(P44:AQ44,"PC") -> 0 | F44: =COUNTIF(P44:AQ44,"f") -> 0 | G44: =COUNTIF(P44:AQ44,"ast") -> 0 | H44: =COUNTIF(P44:AQ44,"cA") -> 0 | I44: =COUNTIF(P44:AQ44,"rtt") -> 0 | J44: =COUNTIF(P44:AQ44,"cex") -> 0 | K44: =COUNTIF(P44:AQ44,"res") -> 0 | L44: =COUNTIF(P44:AQ44,"mA") -> 0 | M44: =COUNTIF(P44:AQ44,"at") -> 0 | N44: =COUNTIF(P44:AQ44,"TAD") -> 0 | O44: =COUNTIF(P44:AQ44,"TP") -> 0
A45: =IFERROR(IF(config!E37="","",config!E37),"") -> C004309 | B45: =IFERROR(IF(config!F37="","",config!F37),"") -> LEVIGNAT | C45: =IFERROR(IF(config!G37="","",config!G37),"") -> Didier | D45: =COUNTIF(P45:AQ45,"p") -> 0 | E45: =COUNTIF(P45:AQ45,"PC") -> 0 | F45: =COUNTIF(P45:AQ45,"f") -> 0 | G45: =COUNTIF(P45:AQ45,"ast") -> 0 | H45: =COUNTIF(P45:AQ45,"cA") -> 0 | I45: =COUNTIF(P45:AQ45,"rtt") -> 0 | J45: =COUNTIF(P45:AQ45,"cex") -> 0 | K45: =COUNTIF(P45:AQ45,"res") -> 0 | L45: =COUNTIF(P45:AQ45,"mA") -> 0 | M45: =COUNTIF(P45:AQ45,"at") -> 28 | N45: =COUNTIF(P45:AQ45,"TAD") -> 0 | O45: =COUNTIF(P45:AQ45,"TP") -> 0 | P45: AT | Q45: AT | R45: AT | S45: AT | T45: AT | U45: AT | V45: AT | W45: AT | X45: AT | Y45: AT | Z45: AT | AA45: AT | AB45: AT | AC45: AT | AD45: AT | AE45: AT | AF45: AT | AG45: AT | AH45: AT | AI45: AT | AJ45: AT | AK45: AT | AL45: AT | AM45: AT | AN45: AT | AO45: AT | AP45: AT | AQ45: AT
A46: =IFERROR(IF(config!E38="","",config!E38),"") -> C005624 | B46: =IFERROR(IF(config!F38="","",config!F38),"") -> MARTIN-HERNANDEZ | C46: =IFERROR(IF(config!G38="","",config!G38),"") -> Pierre | D46: =COUNTIF(P46:AQ46,"p") -> 0 | E46: =COUNTIF(P46:AQ46,"PC") -> 0 | F46: =COUNTIF(P46:AQ46,"f") -> 0 | G46: =COUNTIF(P46:AQ46,"ast") -> 0 | H46: =COUNTIF(P46:AQ46,"cA") -> 0 | I46: =COUNTIF(P46:AQ46,"rtt") -> 0 | J46: =COUNTIF(P46:AQ46,"cex") -> 0 | K46: =COUNTIF(P46:AQ46,"res") -> 0 | L46: =COUNTIF(P46:AQ46,"mA") -> 0 | M46: =COUNTIF(P46:AQ46,"at") -> 0 | N46: =COUNTIF(P46:AQ46,"TAD") -> 0 | O46: =COUNTIF(P46:AQ46,"TP") -> 0
A47: =IFERROR(IF(config!E39="","",config!E39),"") -> C007758 | B47: =IFERROR(IF(config!F39="","",config!F39),"") -> PIERRE | C47: =IFERROR(IF(config!G39="","",config!G39),"") -> Frantzy | D47: =COUNTIF(P47:AQ47,"p") -> 0 | E47: =COUNTIF(P47:AQ47,"PC") -> 0 | F47: =COUNTIF(P47:AQ47,"f") -> 0 | G47: =COUNTIF(P47:AQ47,"ast") -> 0 | H47: =COUNTIF(P47:AQ47,"cA") -> 0 | I47: =COUNTIF(P47:AQ47,"rtt") -> 0 | J47: =COUNTIF(P47:AQ47,"cex") -> 0 | K47: =COUNTIF(P47:AQ47,"res") -> 0 | L47: =COUNTIF(P47:AQ47,"mA") -> 0 | M47: =COUNTIF(P47:AQ47,"at") -> 0 | N47: =COUNTIF(P47:AQ47,"TAD") -> 0 | O47: =COUNTIF(P47:AQ47,"TP") -> 0
A48: =IFERROR(IF(config!E40="","",config!E40),"") -> C004609 | B48: =IFERROR(IF(config!F40="","",config!F40),"") -> SOLA | C48: =IFERROR(IF(config!G40="","",config!G40),"") -> Xavier | D48: =COUNTIF(P48:AQ48,"p") -> 0 | E48: =COUNTIF(P48:AQ48,"PC") -> 0 | F48: =COUNTIF(P48:AQ48,"f") -> 0 | G48: =COUNTIF(P48:AQ48,"ast") -> 0 | H48: =COUNTIF(P48:AQ48,"cA") -> 0 | I48: =COUNTIF(P48:AQ48,"rtt") -> 0 | J48: =COUNTIF(P48:AQ48,"cex") -> 0 | K48: =COUNTIF(P48:AQ48,"res") -> 0 | L48: =COUNTIF(P48:AQ48,"mA") -> 0 | M48: =COUNTIF(P48:AQ48,"at") -> 0 | N48: =COUNTIF(P48:AQ48,"TAD") -> 0 | O48: =COUNTIF(P48:AQ48,"TP") -> 0
A49: =IFERROR(IF(config!E41="","",config!E41),"") -> T029734 | B49: =IFERROR(IF(config!F41="","",config!F41),"") -> WEISS | C49: =IFERROR(IF(config!G41="","",config!G41),"") -> Miguel | D49: =COUNTIF(P49:AQ49,"p") -> 0 | E49: =COUNTIF(P49:AQ49,"PC") -> 0 | F49: =COUNTIF(P49:AQ49,"f") -> 0 | G49: =COUNTIF(P49:AQ49,"ast") -> 0 | H49: =COUNTIF(P49:AQ49,"cA") -> 0 | I49: =COUNTIF(P49:AQ49,"rtt") -> 0 | J49: =COUNTIF(P49:AQ49,"cex") -> 0 | K49: =COUNTIF(P49:AQ49,"res") -> 0 | L49: =COUNTIF(P49:AQ49,"mA") -> 0 | M49: =COUNTIF(P49:AQ49,"at") -> 0 | N49: =COUNTIF(P49:AQ49,"TAD") -> 0 | O49: =COUNTIF(P49:AQ49,"TP") -> 0
A50: =IFERROR(IF(config!E42="","",config!E42),"") | AS50: ESPACES VERTS
A51: =IFERROR(IF(config!E43="","",config!E43),"") -> AGENTS ESPACES VERTS | B51: =IFERROR(IF(config!F43="","",config!F43),"") | C51: =IFERROR(IF(config!G43="","",config!G43),"") | D51: =COUNTIF(P51:AQ51,"p") -> 0 | E51: =COUNTIF(P51:AQ51,"PC") -> 0 | F51: =COUNTIF(P51:AQ51,"f") -> 0 | G51: =COUNTIF(P51:AQ51,"ast") -> 0 | H51: =COUNTIF(P51:AQ51,"cA") -> 0 | I51: =COUNTIF(P51:AQ51,"rtt") -> 0 | J51: =COUNTIF(P51:AQ51,"cex") -> 0 | K51: =COUNTIF(P51:AQ51,"res") -> 0 | L51: =COUNTIF(P51:AQ51,"mA") -> 0 | M51: =COUNTIF(P51:AQ51,"at") -> 0 | N51: =COUNTIF(P51:AQ51,"TAD") -> 0 | O51: =COUNTIF(P51:AQ51,"TP") -> 0 | AS51: P | AT51: PC | AU51: F | AV51: AST | AW51: CA | AX51: RTT | AY51: CEX | AZ51: R | BA51: M | BB51: AT | BC51: TP
A52: =IFERROR(IF(config!E44="","",config!E44),"") -> N018514 | B52: =IFERROR(IF(config!F44="","",config!F44),"") -> DELANDE | C52: =IFERROR(IF(config!G44="","",config!G44),"") -> Romain | D52: =COUNTIF(P52:AQ52,"p") -> 0 | E52: =COUNTIF(P52:AQ52,"PC") -> 0 | F52: =COUNTIF(P52:AQ52,"f") -> 0 | G52: =COUNTIF(P52:AQ52,"ast") -> 0 | H52: =COUNTIF(P52:AQ52,"cA") -> 0 | I52: =COUNTIF(P52:AQ52,"rtt") -> 0 | J52: =COUNTIF(P52:AQ52,"cex") -> 0 | K52: =COUNTIF(P52:AQ52,"res") -> 0 | L52: =COUNTIF(P52:AQ52,"mA") -> 0 | M52: =COUNTIF(P52:AQ52,"at") -> 0 | N52: =COUNTIF(P52:AQ52,"TAD") -> 0 | O52: =COUNTIF(P52:AQ52,"TP") -> 0 | AS52: =COUNTIF(P51:AQ62,"P") -> 0 | AT52: =COUNTIF(P51:AQ62,"PC") -> 0 | AU52: =COUNTIF(P51:AQ62,"F") -> 0 | AV52: =COUNTIF(P51:AQ62,"AST") -> 0 | AW52: =COUNTIF(P51:AQ62,"CA") -> 0 | AX52: =COUNTIF(P51:AQ62,"RTT") -> 0 | AY52: =COUNTIF(P51:AQ62,"CEX") -> 0 | AZ52: =COUNTIF(P51:AQ62,"RES") -> 0 | BA52: =COUNTIF(P51:AQ62,"MA") -> 0 | BB52: =COUNTIF(P51:AQ62,"AT") -> 0 | BC52: =COUNTIF(P51:AQ62,"TP") -> 0
A53: =IFERROR(IF(config!E45="","",config!E45),"") -> T029231 | B53: =IFERROR(IF(config!F45="","",config!F45),"") -> DA SILVA REIS | C53: =IFERROR(IF(config!G45="","",config!G45),"") -> Alexandra | D53: =COUNTIF(P53:AQ53,"p") -> 0 | E53: =COUNTIF(P53:AQ53,"PC") -> 0 | F53: =COUNTIF(P53:AQ53,"f") -> 0 | G53: =COUNTIF(P53:AQ53,"ast") -> 0 | H53: =COUNTIF(P53:AQ53,"cA") -> 0 | I53: =COUNTIF(P53:AQ53,"rtt") -> 0 | J53: =COUNTIF(P53:AQ53,"cex") -> 0 | K53: =COUNTIF(P53:AQ53,"res") -> 0 | L53: =COUNTIF(P53:AQ53,"mA") -> 0 | M53: =COUNTIF(P53:AQ53,"at") -> 0 | N53: =COUNTIF(P53:AQ53,"TAD") -> 0 | O53: =COUNTIF(P53:AQ53,"TP") -> 0
A54: =IFERROR(IF(config!E46="","",config!E46),"") -> N011181 | B54: =IFERROR(IF(config!F46="","",config!F46),"") -> ELMAGROUD | C54: =IFERROR(IF(config!G46="","",config!G46),"") -> Sofiane | D54: =COUNTIF(P54:AQ54,"p") -> 0 | E54: =COUNTIF(P54:AQ54,"PC") -> 0 | F54: =COUNTIF(P54:AQ54,"f") -> 0 | G54: =COUNTIF(P54:AQ54,"ast") -> 0 | H54: =COUNTIF(P54:AQ54,"cA") -> 0 | I54: =COUNTIF(P54:AQ54,"rtt") -> 0 | J54: =COUNTIF(P54:AQ54,"cex") -> 0 | K54: =COUNTIF(P54:AQ54,"res") -> 0 | L54: =COUNTIF(P54:AQ54,"mA") -> 0 | M54: =COUNTIF(P54:AQ54,"at") -> 0 | N54: =COUNTIF(P54:AQ54,"TAD") -> 0 | O54: =COUNTIF(P54:AQ54,"TP") -> 0
A55: =IFERROR(IF(config!E47="","",config!E47),"") -> C004163 | B55: =IFERROR(IF(config!F47="","",config!F47),"") -> ESTEVE | C55: =IFERROR(IF(config!G47="","",config!G47),"") -> Thierry | D55: =COUNTIF(P55:AQ55,"p") -> 0 | E55: =COUNTIF(P55:AQ55,"PC") -> 0 | F55: =COUNTIF(P55:AQ55,"f") -> 0 | G55: =COUNTIF(P55:AQ55,"ast") -> 0 | H55: =COUNTIF(P55:AQ55,"cA") -> 0 | I55: =COUNTIF(P55:AQ55,"rtt") -> 0 | J55: =COUNTIF(P55:AQ55,"cex") -> 0 | K55: =COUNTIF(P55:AQ55,"res") -> 0 | L55: =COUNTIF(P55:AQ55,"mA") -> 0 | M55: =COUNTIF(P55:AQ55,"at") -> 0 | N55: =COUNTIF(P55:AQ55,"TAD") -> 0 | O55: =COUNTIF(P55:AQ55,"TP") -> 0
A56: =IFERROR(IF(config!E48="","",config!E48),"") -> C006428 | B56: =IFERROR(IF(config!F48="","",config!F48),"") -> KADRI | C56: =IFERROR(IF(config!G48="","",config!G48),"") -> Houssine | D56: =COUNTIF(P56:AQ56,"p") -> 0 | E56: =COUNTIF(P56:AQ56,"PC") -> 0 | F56: =COUNTIF(P56:AQ56,"f") -> 0 | G56: =COUNTIF(P56:AQ56,"ast") -> 0 | H56: =COUNTIF(P56:AQ56,"cA") -> 0 | I56: =COUNTIF(P56:AQ56,"rtt") -> 0 | J56: =COUNTIF(P56:AQ56,"cex") -> 0 | K56: =COUNTIF(P56:AQ56,"res") -> 0 | L56: =COUNTIF(P56:AQ56,"mA") -> 0 | M56: =COUNTIF(P56:AQ56,"at") -> 0 | N56: =COUNTIF(P56:AQ56,"TAD") -> 0 | O56: =COUNTIF(P56:AQ56,"TP") -> 0
A57: =IFERROR(IF(config!E49="","",config!E49),"") -> N023455 | B57: =IFERROR(IF(config!F49="","",config!F49),"") -> MALLET | C57: =IFERROR(IF(config!G49="","",config!G49),"") -> Ludovic | D57: =COUNTIF(P57:AQ57,"p") -> 0 | E57: =COUNTIF(P57:AQ57,"PC") -> 0 | F57: =COUNTIF(P57:AQ57,"f") -> 0 | G57: =COUNTIF(P57:AQ57,"ast") -> 0 | H57: =COUNTIF(P57:AQ57,"cA") -> 0 | I57: =COUNTIF(P57:AQ57,"rtt") -> 0 | J57: =COUNTIF(P57:AQ57,"cex") -> 0 | K57: =COUNTIF(P57:AQ57,"res") -> 0 | L57: =COUNTIF(P57:AQ57,"mA") -> 0 | M57: =COUNTIF(P57:AQ57,"at") -> 0 | N57: =COUNTIF(P57:AQ57,"TAD") -> 0 | O57: =COUNTIF(P57:AQ57,"TP") -> 0
A58: =IFERROR(IF(config!E50="","",config!E50),"") -> C007461 | B58: =IFERROR(IF(config!F50="","",config!F50),"") -> MAURY | C58: =IFERROR(IF(config!G50="","",config!G50),"") -> Xavier | D58: =COUNTIF(P58:AQ58,"p") -> 0 | E58: =COUNTIF(P58:AQ58,"PC") -> 0 | F58: =COUNTIF(P58:AQ58,"f") -> 0 | G58: =COUNTIF(P58:AQ58,"ast") -> 0 | H58: =COUNTIF(P58:AQ58,"cA") -> 0 | I58: =COUNTIF(P58:AQ58,"rtt") -> 0 | J58: =COUNTIF(P58:AQ58,"cex") -> 0 | K58: =COUNTIF(P58:AQ58,"res") -> 0 | L58: =COUNTIF(P58:AQ58,"mA") -> 0 | M58: =COUNTIF(P58:AQ58,"at") -> 0 | N58: =COUNTIF(P58:AQ58,"TAD") -> 0 | O58: =COUNTIF(P58:AQ58,"TP") -> 0
A59: =IFERROR(IF(config!E51="","",config!E51),"") -> T030790 | B59: =IFERROR(IF(config!F51="","",config!F51),"") -> MOINGT | C59: =IFERROR(IF(config!G51="","",config!G51),"") -> Joffrey | D59: =COUNTIF(P59:AQ59,"p") -> 0 | E59: =COUNTIF(P59:AQ59,"PC") -> 0 | F59: =COUNTIF(P59:AQ59,"f") -> 0 | G59: =COUNTIF(P59:AQ59,"ast") -> 0 | H59: =COUNTIF(P59:AQ59,"cA") -> 0 | I59: =COUNTIF(P59:AQ59,"rtt") -> 0 | J59: =COUNTIF(P59:AQ59,"cex") -> 0 | K59: =COUNTIF(P59:AQ59,"res") -> 0 | L59: =COUNTIF(P59:AQ59,"mA") -> 0 | M59: =COUNTIF(P59:AQ59,"at") -> 0 | N59: =COUNTIF(P59:AQ59,"TAD") -> 0 | O59: =COUNTIF(P59:AQ59,"TP") -> 0
A60: =IFERROR(IF(config!E52="","",config!E52),"") -> T030619 | B60: =IFERROR(IF(config!F52="","",config!F52),"") -> REY | C60: =IFERROR(IF(config!G52="","",config!G52),"") -> Adrien | D60: =COUNTIF(P60:AQ60,"p") -> 0 | E60: =COUNTIF(P60:AQ60,"PC") -> 0 | F60: =COUNTIF(P60:AQ60,"f") -> 0 | G60: =COUNTIF(P60:AQ60,"ast") -> 0 | H60: =COUNTIF(P60:AQ60,"cA") -> 0 | I60: =COUNTIF(P60:AQ60,"rtt") -> 0 | J60: =COUNTIF(P60:AQ60,"cex") -> 0 | K60: =COUNTIF(P60:AQ60,"res") -> 0 | L60: =COUNTIF(P60:AQ60,"mA") -> 0 | M60: =COUNTIF(P60:AQ60,"at") -> 0 | N60: =COUNTIF(P60:AQ60,"TAD") -> 0 | O60: =COUNTIF(P60:AQ60,"TP") -> 0
A61: =IFERROR(IF(config!E53="","",config!E53),"") -> N019681 | B61: =IFERROR(IF(config!F53="","",config!F53),"") -> TADJROUNA | C61: =IFERROR(IF(config!G53="","",config!G53),"") -> Mohamed | D61: =COUNTIF(P61:AQ61,"p") -> 0 | E61: =COUNTIF(P61:AQ61,"PC") -> 0 | F61: =COUNTIF(P61:AQ61,"f") -> 0 | G61: =COUNTIF(P61:AQ61,"ast") -> 0 | H61: =COUNTIF(P61:AQ61,"cA") -> 0 | I61: =COUNTIF(P61:AQ61,"rtt") -> 0 | J61: =COUNTIF(P61:AQ61,"cex") -> 0 | K61: =COUNTIF(P61:AQ61,"res") -> 0 | L61: =COUNTIF(P61:AQ61,"mA") -> 0 | M61: =COUNTIF(P61:AQ61,"at") -> 0 | N61: =COUNTIF(P61:AQ61,"TAD") -> 0 | O61: =COUNTIF(P61:AQ61,"TP") -> 0
A62: =IFERROR(IF(config!E54="","",config!E54),"") -> N019975 | B62: =IFERROR(IF(config!F54="","",config!F54),"") -> VILLENEUVE | C62: =IFERROR(IF(config!G54="","",config!G54),"") -> Fabrice | D62: =COUNTIF(P62:AQ62,"p") -> 0 | E62: =COUNTIF(P62:AQ62,"PC") -> 0 | F62: =COUNTIF(P62:AQ62,"f") -> 0 | G62: =COUNTIF(P62:AQ62,"ast") -> 0 | H62: =COUNTIF(P62:AQ62,"cA") -> 0 | I62: =COUNTIF(P62:AQ62,"rtt") -> 0 | J62: =COUNTIF(P62:AQ62,"cex") -> 0 | K62: =COUNTIF(P62:AQ62,"res") -> 0 | L62: =COUNTIF(P62:AQ62,"mA") -> 0 | M62: =COUNTIF(P62:AQ62,"at") -> 0 | N62: =COUNTIF(P62:AQ62,"TAD") -> 0 | O62: =COUNTIF(P62:AQ62,"TP") -> 0
A63: =IFERROR(IF(config!E55="","",config!E55),"") | AS63: MAGASIN
A64: =IFERROR(IF(config!E56="","",config!E56),"") -> COMMUN - MAGASINIER ET AGENTS ENTRETIEN | B64: =IFERROR(IF(config!F56="","",config!F56),"") | C64: =IFERROR(IF(config!G56="","",config!G56),"") | D64: =COUNTIF(P64:AQ64,"p") -> 0 | E64: =COUNTIF(P64:AQ64,"PC") -> 0 | F64: =COUNTIF(P64:AQ64,"f") -> 0 | G64: =COUNTIF(P64:AQ64,"ast") -> 0 | H64: =COUNTIF(P64:AQ64,"cA") -> 0 | I64: =COUNTIF(P64:AQ64,"rtt") -> 0 | J64: =COUNTIF(P64:AQ64,"cex") -> 0 | K64: =COUNTIF(P64:AQ64,"res") -> 0 | L64: =COUNTIF(P64:AQ64,"mA") -> 0 | M64: =COUNTIF(P64:AQ64,"at") -> 0 | N64: =COUNTIF(P64:AQ64,"TAD") -> 0 | O64: =COUNTIF(P64:AQ64,"TP") -> 0 | AS64: P | AT64: PC | AU64: F | AV64: AST | AW64: CA | AX64: RTT | AY64: CEX | AZ64: R | BA64: M | BB64: AT | BC64: TP
A65: =IFERROR(IF(config!E57="","",config!E57),"") -> N010342 | B65: =IFERROR(IF(config!F57="","",config!F57),"") -> VOL | C65: =IFERROR(IF(config!G57="","",config!G57),"") -> Christophe | D65: =COUNTIF(P65:AQ65,"p") -> 0 | E65: =COUNTIF(P65:AQ65,"PC") -> 0 | F65: =COUNTIF(P65:AQ65,"f") -> 0 | G65: =COUNTIF(P65:AQ65,"ast") -> 0 | H65: =COUNTIF(P65:AQ65,"cA") -> 0 | I65: =COUNTIF(P65:AQ65,"rtt") -> 0 | J65: =COUNTIF(P65:AQ65,"cex") -> 0 | K65: =COUNTIF(P65:AQ65,"res") -> 0 | L65: =COUNTIF(P65:AQ65,"mA") -> 0 | M65: =COUNTIF(P65:AQ65,"at") -> 0 | N65: =COUNTIF(P65:AQ65,"TAD") -> 0 | O65: =COUNTIF(P65:AQ65,"TP") -> 0 | AS65: =COUNTIF(P64:AQ73,"P") -> 0 | AT65: =COUNTIF(P64:AQ73,"PC") -> 0 | AU65: =COUNTIF(P64:AQ73,"F") -> 0 | AV65: =COUNTIF(P64:AQ73,"AST") -> 0 | AW65: =COUNTIF(P64:AQ73,"Ca") -> 0 | AX65: =COUNTIF(P64:AQ73,"RTT") -> 0 | AY65: =COUNTIF(P64:AQ73,"CEX") -> 0 | AZ65: =COUNTIF(P64:AQ73,"RES") -> 0 | BA65: =COUNTIF(P64:AQ73,"MA") -> 0 | BB65: =COUNTIF(P64:AQ73,"AT") -> 0 | BC65: =COUNTIF(P64:AQ73,"TP") -> 10
A66: =IFERROR(IF(config!E58="","",config!E58),"") -> C003865 | B66: =IFERROR(IF(config!F58="","",config!F58),"") -> GENNA | C66: =IFERROR(IF(config!G58="","",config!G58),"") -> Grégory | D66: =COUNTIF(P66:AQ66,"p") -> 0 | E66: =COUNTIF(P66:AQ66,"PC") -> 0 | F66: =COUNTIF(P66:AQ66,"f") -> 0 | G66: =COUNTIF(P66:AQ66,"ast") -> 0 | H66: =COUNTIF(P66:AQ66,"cA") -> 0 | I66: =COUNTIF(P66:AQ66,"rtt") -> 0 | J66: =COUNTIF(P66:AQ66,"cex") -> 0 | K66: =COUNTIF(P66:AQ66,"res") -> 0 | L66: =COUNTIF(P66:AQ66,"mA") -> 0 | M66: =COUNTIF(P66:AQ66,"at") -> 0 | N66: =COUNTIF(P66:AQ66,"TAD") -> 0 | O66: =COUNTIF(P66:AQ66,"TP") -> 10 | R66: TP | T66: TP | X66: TP | Z66: TP | AB66: TP | AF66: TP | AH66: TP | AL66: TP | AN66: TP | AP66: TP
A67: =IFERROR(IF(config!E59="","",config!E59),"") -> N010032 | B67: =IFERROR(IF(config!F59="","",config!F59),"") -> BERNARD | C67: =IFERROR(IF(config!G59="","",config!G59),"") -> Jean-Louis | D67: =COUNTIF(P67:AQ67,"p") -> 0 | E67: =COUNTIF(P67:AQ67,"PC") -> 0 | F67: =COUNTIF(P67:AQ67,"f") -> 0 | G67: =COUNTIF(P67:AQ67,"ast") -> 0 | H67: =COUNTIF(P67:AQ67,"cA") -> 0 | I67: =COUNTIF(P67:AQ67,"rtt") -> 0 | J67: =COUNTIF(P67:AQ67,"cex") -> 0 | K67: =COUNTIF(P67:AQ67,"res") -> 0 | L67: =COUNTIF(P67:AQ67,"mA") -> 0 | M67: =COUNTIF(P67:AQ67,"at") -> 0 | N67: =COUNTIF(P67:AQ67,"TAD") -> 0 | O67: =COUNTIF(P67:AQ67,"TP") -> 0
T76: P

Sheet Mars 2026
A1: =config!B7 -> 46082
A2: =config!C7 -> 46112
P4: =A1 -> 46082 | Q4: =P4+1 -> 46083 | R4: =Q4+1 -> 46084 | S4: =R4+1 -> 46085 | T4: =S4+1 -> 46086 | U4: =T4+1 -> 46087 | V4: =U4+1 -> 46088 | W4: =V4+1 -> 46089 | X4: =W4+1 -> 46090 | ... AT4: =AS4+1 -> 46112
A5: =TEXT(A1,"mmmmmmmmmmmm") -> mars
D8: TOTAL | AM8: ARRET EVP JAN
D9: P | E9: PC | F9: F | G9: AST | H9: CA | I9: RTT | J9: CEX | K9: R | L9: M | M9: AT | N9: TAD | O9: TP | P9: =IFERROR(WEEKDAY(P4),"") -> 1 | Q9: =IFERROR(WEEKDAY(Q4),"") -> 2 | R9: =IFERROR(WEEKDAY(R4),"") -> 3 | S9: =IFERROR(WEEKDAY(S4),"") -> 4 | T9: =IFERROR(WEEKDAY(T4),"") -> 5 | U9: =IFERROR(WEEKDAY(U4),"") -> 6 | V9: =IFERROR(WEEKDAY(V4),"") -> 7 | W9: =IFERROR(WEEKDAY(W4),"") -> 1 | ... AT9: =IFERROR(WEEKDAY(AT4),"") -> 3
A10: Matricule | B10: Nom | C10: Prénom | D10: PRESENCE | E10: PREV CONGES | F10: FORMATION | G10: ASTREINT | H10: CONGES ANNUEL | I10: RTT | J10: CONGES EXC | K10: RESERVE | L10: MALADIE | M10: ACCIDENT DE TRAVAIL | N10: TRAVAI A DISTANCE | O10: Tps partiel TH | P10: =DAY(P4) -> 1 | Q10: =DAY(Q4) -> 2 | R10: =DAY(R4) -> 3 | S10: =DAY(S4) -> 4 | T10: =DAY(T4) -> 5 | U10: =DAY(U4) -> 6 | V10: =DAY(V4) -> 7 | W10: =DAY(W4) -> 8 | ... AT10: =DAY(AT4) -> 31
A11: =IFERROR(IF(config!E3="","",config!E3),"") -> N019002 | B11: =IFERROR(IF(config!F3="","",config!F3),"") -> DEBREYNE | C11: =IFERROR(IF(config!G3="","",config!G3),"") -> Audrey | D11: =COUNTIF(P11:AS11,"p") -> 0 | E11: =COUNTIF(P11:AS11,"PC") -> 0 | F11: =COUNTIF(P11:AS11,"f") -> 0 | G11: =COUNTIF(P11:AS11,"ast") -> 0 | H11: =COUNTIF(P11:AS11,"cA") -> 0 | I11: =COUNTIF(P11:AS11,"rtt") -> 0 | J11: =COUNTIF(P11:AS11,"cex") -> 0 | K11: =COUNTIF(P11:AS11,"res") -> 0 | L11: =COUNTIF(P11:AS11,"mA") -> 0 | M11: =COUNTIF(P11:AS11,"at") -> 0 | N11: =COUNTIF(P11:AS11,"TAD") -> 0 | O11: =COUNTIF(P11:AS11,"TP") -> 0 | AV11: BUREAU
A12: =IFERROR(IF(config!E4="","",config!E4),"") -> N024050 | B12: =IFERROR(IF(config!F4="","",config!F4),"") -> LUTARD | C12: =IFERROR(IF(config!G4="","",config!G4),"") -> Karyne | D12: =COUNTIF(P12:AS12,"p") -> 0 | E12: =COUNTIF(P12:AS12,"PC") -> 15 | F12: =COUNTIF(P12:AS12,"f") -> 0 | G12: =COUNTIF(P12:AS12,"ast") -> 0 | H12: =COUNTIF(P12:AS12,"cA") -> 0 | I12: =COUNTIF(P12:AS12,"rtt") -> 0 | J12: =COUNTIF(P12:AS12,"cex") -> 0 | K12: =COUNTIF(P12:AS12,"res") -> 0 | L12: =COUNTIF(P12:AS12,"mA") -> 0 | M12: =COUNTIF(P12:AS12,"at") -> 0 | N12: =COUNTIF(P12:AS12,"TAD") -> 0 | O12: =COUNTIF(P12:AS12,"TP") -> 0 | X12: PC | Y12: PC | Z12: PC | AA12: PC | AB12: PC | AE12: PC | AF12: PC | AG12: PC | AH12: PC | AI12: PC | AL12: PC | AM12: PC | AN12: PC | AO12: PC | AP12: PC | AV12: P | AW12: PC | AX12: F | AY12: AST | AZ12: CA | BA12: RTT | BB12: CEX | BC12: R | BD12: M | BE12: AT | BF12: TP
A13: =IFERROR(IF(config!E5="","",config!E5),"") -> N018905 | B13: =IFERROR(IF(config!F5="","",config!F5),"") -> HAUTDECOEUR | C13: =IFERROR(IF(config!G5="","",config!G5),"") -> Laurence | D13: =COUNTIF(P13:AS13,"p") -> 0 | E13: =COUNTIF(P13:AS13,"PC") -> 0 | F13: =COUNTIF(P13:AS13,"f") -> 0 | G13: =COUNTIF(P13:AS13,"ast") -> 0 | H13: =COUNTIF(P13:AS13,"cA") -> 0 | I13: =COUNTIF(P13:AS13,"rtt") -> 0 | J13: =COUNTIF(P13:AS13,"cex") -> 0 | K13: =COUNTIF(P13:AS13,"res") -> 0 | L13: =COUNTIF(P13:AS13,"mA") -> 0 | M13: =COUNTIF(P13:AS13,"at") -> 0 | N13: =COUNTIF(P13:AS13,"TAD") -> 0 | O13: =COUNTIF(P13:AS13,"TP") -> 0 | AV13: =COUNTIF(P11:AS29,"p") -> 0 | AW13: =COUNTIF(P11:AS29,"PC") -> 15 | AX13: =COUNTIF(P11:AS29,"f") -> 0 | AY13: =COUNTIF(P11:AS29,"ast") -> 0 | AZ13: =COUNTIF(P11:AS29,"ca") -> 0 | BA13: =COUNTIF(P11:AS29,"rtt") -> 0 | BB13: =COUNTIF(P11:AS29,"CEX") -> 0 | BC13: =COUNTIF(P11:AS29,"RES") -> 0 | BD13: =COUNTIF(P11:AS29,"MA") -> 0 | BE13: =COUNTIF(P11:AS29,"AT") -> 0 | BF13: =COUNTIF(P11:AS29,"TP") -> 0
A14: =IFERROR(IF(config!E6="","",config!E6),"") -> N016820 | B14: =IFERROR(IF(config!F6="","",config!F6),"") -> GRENET | C14: =IFERROR(IF(config!G6="","",config!G6),"") -> Eric | D14: =COUNTIF(P14:AS14,"p") -> 0 | E14: =COUNTIF(P14:AS14,"PC") -> 0 | F14: =COUNTIF(P14:AS14,"f") -> 0 | G14: =COUNTIF(P14:AS14,"ast") -> 0 | H14: =COUNTIF(P14:AS14,"cA") -> 0 | I14: =COUNTIF(P14:AS14,"rtt") -> 0 | J14: =COUNTIF(P14:AS14,"cex") -> 0 | K14: =COUNTIF(P14:AS14,"res") -> 0 | L14: =COUNTIF(P14:AS14,"mA") -> 0 | M14: =COUNTIF(P14:AS14,"at") -> 0 | N14: =COUNTIF(P14:AS14,"TAD") -> 0 | O14: =COUNTIF(P14:AS14,"TP") -> 0
A15: =IFERROR(IF(config!E7="","",config!E7),"") -> C003285 | B15: =IFERROR(IF(config!F7="","",config!F7),"") -> FOURCADE | C15: =IFERROR(IF(config!G7="","",config!G7),"") -> Hervé | D15: =COUNTIF(P15:AS15,"p") -> 0 | E15: =COUNTIF(P15:AS15,"PC") -> 0 | F15: =COUNTIF(P15:AS15,"f") -> 0 | G15: =COUNTIF(P15:AS15,"ast") -> 0 | H15: =COUNTIF(P15:AS15,"cA") -> 0 | I15: =COUNTIF(P15:AS15,"rtt") -> 0 | J15: =COUNTIF(P15:AS15,"cex") -> 0 | K15: =COUNTIF(P15:AS15,"res") -> 0 | L15: =COUNTIF(P15:AS15,"mA") -> 0 | M15: =COUNTIF(P15:AS15,"at") -> 0 | N15: =COUNTIF(P15:AS15,"TAD") -> 0 | O15: =COUNTIF(P15:AS15,"TP") -> 0
A16: =IFERROR(IF(config!E8="","",config!E8),"") -> JT030845 | B16: =IFERROR(IF(config!F8="","",config!F8),"") -> GONCALVES | C16: =IFERROR(IF(config!G8="","",config!G8),"") -> Lionel | D16: =COUNTIF(P16:AS16,"p") -> 0 | E16: =COUNTIF(P16:AS16,"PC") -> 0 | F16: =COUNTIF(P16:AS16,"f") -> 0 | G16: =COUNTIF(P16:AS16,"ast") -> 0 | H16: =COUNTIF(P16:AS16,"cA") -> 0 | I16: =COUNTIF(P16:AS16,"rtt") -> 0 | J16: =COUNTIF(P16:AS16,"cex") -> 0 | K16: =COUNTIF(P16:AS16,"res") -> 0 | L16: =COUNTIF(P16:AS16,"mA") -> 0 | M16: =COUNTIF(P16:AS16,"at") -> 0 | N16: =COUNTIF(P16:AS16,"TAD") -> 0 | O16: =COUNTIF(P16:AS16,"TP") -> 0
A17: =IFERROR(IF(config!E9="","",config!E9),"") -> N011045 | B17: =IFERROR(IF(config!F9="","",config!F9),"") -> SIGALA | C17: =IFERROR(IF(config!G9="","",config!G9),"") -> Jean-Christohpe | D17: =COUNTIF(P17:AS17,"p") -> 0 | E17: =COUNTIF(P17:AS17,"PC") -> 0 | F17: =COUNTIF(P17:AS17,"f") -> 0 | G17: =COUNTIF(P17:AS17,"ast") -> 0 | H17: =COUNTIF(P17:AS17,"cA") -> 0 | I17: =COUNTIF(P17:AS17,"rtt") -> 0 | J17: =COUNTIF(P17:AS17,"cex") -> 0 | K17: =COUNTIF(P17:AS17,"res") -> 0 | L17: =COUNTIF(P17:AS17,"mA") -> 0 | M17: =COUNTIF(P17:AS17,"at") -> 0 | N17: =COUNTIF(P17:AS17,"TAD") -> 0 | O17: =COUNTIF(P17:AS17,"TP") -> 0
D18: =COUNTIF(P18:AS18,"p") -> 0 | E18: =COUNTIF(P18:AS18,"PC") -> 0 | F18: =COUNTIF(P18:AS18,"f") -> 0 | G18: =COUNTIF(P18:AS18,"ast") -> 0 | H18: =COUNTIF(P18:AS18,"cA") -> 0 | I18: =COUNTIF(P18:AS18,"rtt") -> 0 | J18: =COUNTIF(P18:AS18,"cex") -> 0 | K18: =COUNTIF(P18:AS18,"res") -> 0 | L18: =COUNTIF(P18:AS18,"mA") -> 0 | M18: =COUNTIF(P18:AS18,"at") -> 0 | N18: =COUNTIF(P18:AS18,"TAD") -> 0 | O18: =COUNTIF(P18:AS18,"TP") -> 0
A19: =IFERROR(IF(config!E11="","",config!E11),"") -> N015967 | B19: =IFERROR(IF(config!F11="","",config!F11),"") -> TUCOULET | C19: =IFERROR(IF(config!G11="","",config!G11),"") -> Dorian | D19: =COUNTIF(P19:AS19,"p") -> 0 | E19: =COUNTIF(P19:AS19,"PC") -> 0 | F19: =COUNTIF(P19:AS19,"f") -> 0 | G19: =COUNTIF(P19:AS19,"ast") -> 0 | H19: =COUNTIF(P19:AS19,"cA") -> 0 | I19: =COUNTIF(P19:AS19,"rtt") -> 0 | J19: =COUNTIF(P19:AS19,"cex") -> 0 | K19: =COUNTIF(P19:AS19,"res") -> 0 | L19: =COUNTIF(P19:AS19,"mA") -> 0 | M19: =COUNTIF(P19:AS19,"at") -> 0 | N19: =COUNTIF(P19:AS19,"TAD") -> 0 | O19: =COUNTIF(P19:AS19,"TP") -> 0
A20: =IFERROR(IF(config!E12="","",config!E12),"") -> N017539 | B20: =IFERROR(IF(config!F12="","",config!F12),"") -> VRBOVSKA | C20: =IFERROR(IF(config!G12="","",config!G12),"") -> Xavier | D20: =COUNTIF(P20:AS20,"p") -> 0 | E20: =COUNTIF(P20:AS20,"PC") -> 0 | F20: =COUNTIF(P20:AS20,"f") -> 0 | G20: =COUNTIF(P20:AS20,"ast") -> 0 | H20: =COUNTIF(P20:AS20,"cA") -> 0 | I20: =COUNTIF(P20:AS20,"rtt") -> 0 | J20: =COUNTIF(P20:AS20,"cex") -> 0 | K20: =COUNTIF(P20:AS20,"res") -> 0 | L20: =COUNTIF(P20:AS20,"mA") -> 0 | M20: =COUNTIF(P20:AS20,"at") -> 0 | N20: =COUNTIF(P20:AS20,"TAD") -> 0 | O20: =COUNTIF(P20:AS20,"TP") -> 0
A21: =IFERROR(IF(config!E13="","",config!E13),"") -> MAINTENANCE
A22: =IFERROR(IF(config!E14="","",config!E14),"") -> SURVEILLANT DE TRAVAUX
A23: =IFERROR(IF(config!E15="","",config!E15),"") -> C004587 | B23: =IFERROR(IF(config!F15="","",config!F15),"") -> BOURGOIN | C23: =IFERROR(IF(config!G15="","",config!G15),"") -> Jean-Baptiste | D23: =COUNTIF(P23:AS23,"p") -> 0 | E23: =COUNTIF(P23:AS23,"PC") -> 0 | F23: =COUNTIF(P23:AS23,"f") -> 0 | G23: =COUNTIF(P23:AS23,"ast") -> 0 | H23: =COUNTIF(P23:AS23,"cA") -> 0 | I23: =COUNTIF(P23:AS23,"rtt") -> 0 | J23: =COUNTIF(P23:AS23,"cex") -> 0 | K23: =COUNTIF(P23:AS23,"res") -> 0 | L23: =COUNTIF(P23:AS23,"mA") -> 0 | M23: =COUNTIF(P23:AS23,"at") -> 0 | N23: =COUNTIF(P23:AS23,"TAD") -> 0 | O23: =COUNTIF(P23:AS23,"TP") -> 0
A24: =IFERROR(IF(config!E16="","",config!E16),"") -> N02645 | B24: =IFERROR(IF(config!F16="","",config!F16),"") -> MERCADIEU | C24: =IFERROR(IF(config!G16="","",config!G16),"") -> Baptiste | D24: =COUNTIF(P24:AS24,"p") -> 0 | E24: =COUNTIF(P24:AS24,"PC") -> 0 | F24: =COUNTIF(P24:AS24,"f") -> 0 | G24: =COUNTIF(P24:AS24,"ast") -> 0 | H24: =COUNTIF(P24:AS24,"cA") -> 0 | I24: =COUNTIF(P24:AS24,"rtt") -> 0 | J24: =COUNTIF(P24:AS24,"cex") -> 0 | K24: =COUNTIF(P24:AS24,"res") -> 0 | L24: =COUNTIF(P24:AS24,"mA") -> 0 | M24: =COUNTIF(P24:AS24,"at") -> 0 | N24: =COUNTIF(P24:AS24,"TAD") -> 0 | O24: =COUNTIF(P24:AS24,"TP") -> 0
A25: =IFERROR(IF(config!E17="","",config!E17),"") -> ASDP
A26: =IFERROR(IF(config!E18="","",config!E18),"") -> C004845 | B26: =IFERROR(IF(config!F18="","",config!F18),"") -> GARCIA | C26: =IFERROR(IF(config!G18="","",config!G18),"") -> Yoan | D26: =COUNTIF(P26:AS26,"p") -> 0 | E26: =COUNTIF(P26:AS26,"PC") -> 0 | F26: =COUNTIF(P26:AS26,"f") -> 0 | G26: =COUNTIF(P26:AS26,"ast") -> 0 | H26: =COUNTIF(P26:AS26,"cA") -> 0 | I26: =COUNTIF(P26:AS26,"rtt") -> 0 | J26: =COUNTIF(P26:AS26,"cex") -> 0 | K26: =COUNTIF(P26:AS26,"res") -> 0 | L26: =COUNTIF(P26:AS26,"mA") -> 0 | M26: =COUNTIF(P26:AS26,"at") -> 0 | N26: =COUNTIF(P26:AS26,"TAD") -> 0 | O26: =COUNTIF(P26:AS26,"TP") -> 0
A27: =IFERROR(IF(config!E19="","",config!E19),"") -> C005015 | B27: =IFERROR(IF(config!F19="","",config!F19),"") -> LARROUDE | C27: =IFERROR(IF(config!G19="","",config!G19),"") -> Christophe | D27: =COUNTIF(P27:AS27,"p") -> 0 | E27: =COUNTIF(P27:AS27,"PC") -> 0 | F27: =COUNTIF(P27:AS27,"f") -> 0 | G27: =COUNTIF(P27:AS27,"ast") -> 0 | H27: =COUNTIF(P27:AS27,"cA") -> 0 | I27: =COUNTIF(P27:AS27,"rtt") -> 0 | J27: =COUNTIF(P27:AS27,"cex") -> 0 | K27: =COUNTIF(P27:AS27,"res") -> 0 | L27: =COUNTIF(P27:AS27,"mA") -> 0 | M27: =COUNTIF(P27:AS27,"at") -> 0 | N27: =COUNTIF(P27:AS27,"TAD") -> 0 | O27: =COUNTIF(P27:AS27,"TP") -> 0
A28: =IFERROR(IF(config!E20="","",config!E20),"") -> N020065 | B28: =IFERROR(IF(config!F20="","",config!F20),"") -> SAMITIER | C28: =IFERROR(IF(config!G20="","",config!G20),"") -> Beatrice | D28: =COUNTIF(P28:AS28,"p") -> 0 | E28: =COUNTIF(P28:AS28,"PC") -> 0 | F28: =COUNTIF(P28:AS28,"f") -> 0 | G28: =COUNTIF(P28:AS28,"ast") -> 0 | H28: =COUNTIF(P28:AS28,"cA") -> 0 | I28: =COUNTIF(P28:AS28,"rtt") -> 0 | J28: =COUNTIF(P28:AS28,"cex") -> 0 | K28: =COUNTIF(P28:AS28,"res") -> 0 | L28: =COUNTIF(P28:AS28,"mA") -> 0 | M28: =COUNTIF(P28:AS28,"at") -> 0 | N28: =COUNTIF(P28:AS28,"TAD") -> 0 | O28: =COUNTIF(P28:AS28,"TP") -> 0
A29: =IFERROR(IF(config!E21="","",config!E21),"") -> C005216 | B29: =IFERROR(IF(config!F21="","",config!F21),"") -> PIEL | C29: =IFERROR(IF(config!G21="","",config!G21),"") -> Frédy | D29: =COUNTIF(P29:AS29,"p") -> 0 | E29: =COUNTIF(P29:AS29,"PC") -> 0 | F29: =COUNTIF(P29:AS29,"f") -> 0 | G29: =COUNTIF(P29:AS29,"ast") -> 0 | H29: =COUNTIF(P29:AS29,"cA") -> 0 | I29: =COUNTIF(P29:AS29,"rtt") -> 0 | J29: =COUNTIF(P29:AS29,"cex") -> 0 | K29: =COUNTIF(P29:AS29,"res") -> 0 | L29: =COUNTIF(P29:AS29,"mA") -> 0 | M29: =COUNTIF(P29:AS29,"at") -> 0 | N29: =COUNTIF(P29:AS29,"TAD") -> 0 | O29: =COUNTIF(P29:AS29,"TP") -> 0
A30: =IFERROR(IF(config!E22="","",config!E22),"") -> PROPRETE
A31: =IFERROR(IF(config!E23="","",config!E23),"") -> JN020502 | B31: =IFERROR(IF(config!F23="","",config!F23),"") -> GOURVIAT | C31: =IFERROR(IF(config!G23="","",config!G23),"") -> Annabelle | D31: =COUNTIF(P31:AS31,"p") -> 0 | E31: =COUNTIF(P31:AS31,"PC") -> 0 | F31: =COUNTIF(P31:AS31,"f") -> 0 | G31: =COUNTIF(P31:AS31,"ast") -> 0 | H31: =COUNTIF(P31:AS31,"cA") -> 0 | I31: =COUNTIF(P31:AS31,"rtt") -> 0 | J31: =COUNTIF(P31:AS31,"cex") -> 0 | K31: =COUNTIF(P31:AS31,"res") -> 0 | L31: =COUNTIF(P31:AS31,"mA") -> 0 | M31: =COUNTIF(P31:AS31,"at") -> 0 | N31: =COUNTIF(P31:AS31,"TAD") -> 0 | O31: =COUNTIF(P31:AS31,"TP") -> 0
A32: =IFERROR(IF(config!E24="","",config!E24),"") -> JT032516 | B32: =IFERROR(IF(config!F24="","",config!F24),"") -> LARTIGUE | C32: =IFERROR(IF(config!G24="","",config!G24),"") -> Laura | D32: =COUNTIF(P32:AS32,"p") -> 0 | E32: =COUNTIF(P32:AS32,"PC") -> 0 | F32: =COUNTIF(P32:AS32,"f") -> 0 | G32: =COUNTIF(P32:AS32,"ast") -> 0 | H32: =COUNTIF(P32:AS32,"cA") -> 0 | I32: =COUNTIF(P32:AS32,"rtt") -> 0 | J32: =COUNTIF(P32:AS32,"cex") -> 0 | K32: =COUNTIF(P32:AS32,"res") -> 0 | L32: =COUNTIF(P32:AS32,"mA") -> 0 | M32: =COUNTIF(P32:AS32,"at") -> 0 | N32: =COUNTIF(P32:AS32,"TAD") -> 0 | O32: =COUNTIF(P32:AS32,"TP") -> 0
A33: =IFERROR(IF(config!E25="","",config!E25),"") -> JN010897 | B33: =IFERROR(IF(config!F25="","",config!F25),"") -> TRIQUENEAUX | C33: =IFERROR(IF(config!G25="","",config!G25),"") -> Benoit | D33: =COUNTIF(P33:AS33,"p") -> 0 | E33: =COUNTIF(P33:AS33,"PC") -> 0 | F33: =COUNTIF(P33:AS33,"f") -> 0 | G33: =COUNTIF(P33:AS33,"ast") -> 0 | H33: =COUNTIF(P33:AS33,"cA") -> 0 | I33: =COUNTIF(P33:AS33,"rtt") -> 0 | J33: =COUNTIF(P33:AS33,"cex") -> 0 | K33: =COUNTIF(P33:AS33,"res") -> 0 | L33: =COUNTIF(P33:AS33,"mA") -> 0 | M33: =COUNTIF(P33:AS33,"at") -> 0 | N33: =COUNTIF(P33:AS33,"TAD") -> 0 | O33: =COUNTIF(P33:AS33,"TP") -> 0
A34: =IFERROR(IF(config!E26="","",config!E26),"") -> JN010381 | B34: =IFERROR(IF(config!F26="","",config!F26),"") -> ESPERON | C34: =IFERROR(IF(config!G26="","",config!G26),"") -> Alain | D34: =COUNTIF(P34:AS34,"p") -> 0 | E34: =COUNTIF(P34:AS34,"PC") -> 0 | F34: =COUNTIF(P34:AS34,"f") -> 0 | G34: =COUNTIF(P34:AS34,"ast") -> 0 | H34: =COUNTIF(P34:AS34,"cA") -> 0 | I34: =COUNTIF(P34:AS34,"rtt") -> 0 | J34: =COUNTIF(P34:AS34,"cex") -> 0 | K34: =COUNTIF(P34:AS34,"res") -> 0 | L34: =COUNTIF(P34:AS34,"mA") -> 0 | M34: =COUNTIF(P34:AS34,"at") -> 0 | N34: =COUNTIF(P34:AS34,"TAD") -> 0 | O34: =COUNTIF(P34:AS34,"TP") -> 0
A35: =IFERROR(IF(config!E27="","",config!E27),"") -> JN010750 | B35: =IFERROR(IF(config!F27="","",config!F27),"") -> ROUGLAN | C35: =IFERROR(IF(config!G27="","",config!G27),"") -> William | D35: =COUNTIF(P35:AS35,"p") -> 0 | E35: =COUNTIF(P35:AS35,"PC") -> 0 | F35: =COUNTIF(P35:AS35,"f") -> 0 | G35: =COUNTIF(P35:AS35,"ast") -> 0 | H35: =COUNTIF(P35:AS35,"cA") -> 0 | I35: =COUNTIF(P35:AS35,"rtt") -> 0 | J35: =COUNTIF(P35:AS35,"cex") -> 0 | K35: =COUNTIF(P35:AS35,"res") -> 0 | L35: =COUNTIF(P35:AS35,"mA") -> 0 | M35: =COUNTIF(P35:AS35,"at") -> 0 | N35: =COUNTIF(P35:AS35,"TAD") -> 0 | O35: =COUNTIF(P35:AS35,"TP") -> 0
A36: =IFERROR(IF(config!E28="","",config!E28),"") -> JN010461 | B36: =IFERROR(IF(config!F28="","",config!F28),"") -> NOURRI | C36: =IFERROR(IF(config!G28="","",config!G28),"") -> Danny | D36: =COUNTIF(P36:AS36,"p") -> 0 | E36: =COUNTIF(P36:AS36,"PC") -> 0 | F36: =COUNTIF(P36:AS36,"f") -> 0 | G36: =COUNTIF(P36:AS36,"ast") -> 0 | H36: =COUNTIF(P36:AS36,"cA") -> 0 | I36: =COUNTIF(P36:AS36,"rtt") -> 0 | J36: =COUNTIF(P36:AS36,"cex") -> 0 | K36: =COUNTIF(P36:AS36,"res") -> 0 | L36: =COUNTIF(P36:AS36,"mA") -> 0 | M36: =COUNTIF(P36:AS36,"at") -> 0 | N36: =COUNTIF(P36:AS36,"TAD") -> 0 | O36: =COUNTIF(P36:AS36,"TP") -> 0
A37: =IFERROR(IF(config!E29="","",config!E29),"") -> REGIE
A38: =IFERROR(IF(config!E30="","",config!E30),"") -> AGENTS VOIRIE | AV38: VOIRIE
A39: =IFERROR(IF(config!E31="","",config!E31),"") -> JT028103 | B39: =IFERROR(IF(config!F31="","",config!F31),"") -> BERRIO-GAUDNER | C39: =IFERROR(IF(config!G31="","",config!G31),"") -> Jacques | D39: =COUNTIF(P39:AS39,"p") -> 0 | E39: =COUNTIF(P39:AS39,"PC") -> 0 | F39: =COUNTIF(P39:AS39,"f") -> 0 | G39: =COUNTIF(P39:AS39,"ast") -> 0 | H39: =COUNTIF(P39:AS39,"cA") -> 0 | I39: =COUNTIF(P39:AS39,"rtt") -> 0 | J39: =COUNTIF(P39:AS39,"cex") -> 0 | K39: =COUNTIF(P39:AS39,"res") -> 0 | L39: =COUNTIF(P39:AS39,"mA") -> 0 | M39: =COUNTIF(P39:AS39,"at") -> 0 | N39: =COUNTIF(P39:AS39,"TAD") -> 0 | O39: =COUNTIF(P39:AS39,"TP") -> 0 | AV39: P | AW39: PC | AX39: F | AY39: AST | AZ39: CA | BA39: RTT | BB39: CEX | BC39: R | BD39: M | BE39: AT | BF39: TP
A40: =IFERROR(IF(config!E32="","",config!E32),"") -> C002908 | B40: =IFERROR(IF(config!F32="","",config!F32),"") -> FONTENEAU | C40: =IFERROR(IF(config!G32="","",config!G32),"") -> Fabrice | D40: =COUNTIF(P40:AS40,"p") -> 0 | E40: =COUNTIF(P40:AS40,"PC") -> 0 | F40: =COUNTIF(P40:AS40,"f") -> 0 | G40: =COUNTIF(P40:AS40,"ast") -> 0 | H40: =COUNTIF(P40:AS40,"cA") -> 0 | I40: =COUNTIF(P40:AS40,"rtt") -> 0 | J40: =COUNTIF(P40:AS40,"cex") -> 0 | K40: =COUNTIF(P40:AS40,"res") -> 0 | L40: =COUNTIF(P40:AS40,"mA") -> 0 | M40: =COUNTIF(P40:AS40,"at") -> 0 | N40: =COUNTIF(P40:AS40,"TAD") -> 0 | O40: =COUNTIF(P40:AS40,"TP") -> 0 | AV40: =COUNTIF(P39:AS49,"p") -> 0 | AW40: =COUNTIF(P39:AS49,"pc") -> 0 | AX40: =COUNTIF(P39:AS49,"f") -> 0 | AY40: =COUNTIF(P39:AS49,"ast") -> 0 | AZ40: =COUNTIF(P39:AS49,"cA") -> 0 | BA40: =COUNTIF(P39:AS49,"rtt") -> 0 | BB40: =COUNTIF(P39:AS49,"cex") -> 0 | BC40: =COUNTIF(P39:AS49,"RES") -> 0 | BD40: =COUNTIF(P39:AS49,"MA") -> 0 | BE40: =COUNTIF(P39:AS49,"at") -> 30 | BF40: =COUNTIF(P39:AS49,"TP") -> 0
A41: =IFERROR(IF(config!E33="","",config!E33),"") -> C004504 | B41: =IFERROR(IF(config!F33="","",config!F33),"") -> GUIJARRO | C41: =IFERROR(IF(config!G33="","",config!G33),"") -> Juan-Pédro | D41: =COUNTIF(P41:AS41,"p") -> 0 | E41: =COUNTIF(P41:AS41,"PC") -> 0 | F41: =COUNTIF(P41:AS41,"f") -> 0 | G41: =COUNTIF(P41:AS41,"ast") -> 0 | H41: =COUNTIF(P41:AS41,"cA") -> 0 | I41: =COUNTIF(P41:AS41,"rtt") -> 0 | J41: =COUNTIF(P41:AS41,"cex") -> 0 | K41: =COUNTIF(P41:AS41,"res") -> 0 | L41: =COUNTIF(P41:AS41,"mA") -> 0 | M41: =COUNTIF(P41:AS41,"at") -> 0 | N41: =COUNTIF(P41:AS41,"TAD") -> 0 | O41: =COUNTIF(P41:AS41,"TP") -> 0
A42: =IFERROR(IF(config!E34="","",config!E34),"") -> T028198 | B42: =IFERROR(IF(config!F34="","",config!F34),"") -> GOUREAU | C42: =IFERROR(IF(config!G34="","",config!G34),"") -> Jonathan | D42: =COUNTIF(P42:AS42,"p") -> 0 | E42: =COUNTIF(P42:AS42,"PC") -> 0 | F42: =COUNTIF(P42:AS42,"f") -> 0 | G42: =COUNTIF(P42:AS42,"ast") -> 0 | H42: =COUNTIF(P42:AS42,"cA") -> 0 | I42: =COUNTIF(P42:AS42,"rtt") -> 0 | J42: =COUNTIF(P42:AS42,"cex") -> 0 | K42: =COUNTIF(P42:AS42,"res") -> 0 | L42: =COUNTIF(P42:AS42,"mA") -> 0 | M42: =COUNTIF(P42:AS42,"at") -> 0 | N42: =COUNTIF(P42:AS42,"TAD") -> 0 | O42: =COUNTIF(P42:AS42,"TP") -> 0
A43: =IFERROR(IF(config!E35="","",config!E35),"") -> C002986 | B43: =IFERROR(IF(config!F35="","",config!F35),"") -> LABORIE | C43: =IFERROR(IF(config!G35="","",config!G35),"") -> Jean-Louis | D43: =COUNTIF(P43:AS43,"p") -> 0 | E43: =COUNTIF(P43:AS43,"PC") -> 0 | F43: =COUNTIF(P43:AS43,"f") -> 0 | G43: =COUNTIF(P43:AS43,"ast") -> 0 | H43: =COUNTIF(P43:AS43,"cA") -> 0 | I43: =COUNTIF(P43:AS43,"rtt") -> 0 | J43: =COUNTIF(P43:AS43,"cex") -> 0 | K43: =COUNTIF(P43:AS43,"res") -> 0 | L43: =COUNTIF(P43:AS43,"mA") -> 0 | M43: =COUNTIF(P43:AS43,"at") -> 0 | N43: =COUNTIF(P43:AS43,"TAD") -> 0 | O43: =COUNTIF(P43:AS43,"TP") -> 0
A44: =IFERROR(IF(config!E36="","",config!E36),"") -> C007317 | B44: =IFERROR(IF(config!F36="","",config!F36),"") -> LARRIEU | C44: =IFERROR(IF(config!G36="","",config!G36),"") -> Cédric | D44: =COUNTIF(P44:AS44,"p") -> 0 | E44: =COUNTIF(P44:AS44,"PC") -> 0 | F44: =COUNTIF(P44:AS44,"f") -> 0 | G44: =COUNTIF(P44:AS44,"ast") -> 0 | H44: =COUNTIF(P44:AS44,"cA") -> 0 | I44: =COUNTIF(P44:AS44,"rtt") -> 0 | J44: =COUNTIF(P44:AS44,"cex") -> 0 | K44: =COUNTIF(P44:AS44,"res") -> 0 | L44: =COUNTIF(P44:AS44,"mA") -> 0 | M44: =COUNTIF(P44:AS44,"at") -> 0 | N44: =COUNTIF(P44:AS44,"TAD") -> 0 | O44: =COUNTIF(P44:AS44,"TP") -> 0
A45: =IFERROR(IF(config!E37="","",config!E37),"") -> C004309 | B45: =IFERROR(IF(config!F37="","",config!F37),"") -> LEVIGNAT | C45: =IFERROR(IF(config!G37="","",config!G37),"") -> Didier | D45: =COUNTIF(P45:AS45,"p") -> 0 | E45: =COUNTIF(P45:AS45,"PC") -> 0 | F45: =COUNTIF(P45:AS45,"f") -> 0 | G45: =COUNTIF(P45:AS45,"ast") -> 0 | H45: =COUNTIF(P45:AS45,"cA") -> 0 | I45: =COUNTIF(P45:AS45,"rtt") -> 0 | J45: =COUNTIF(P45:AS45,"cex") -> 0 | K45: =COUNTIF(P45:AS45,"res") -> 0 | L45: =COUNTIF(P45:AS45,"mA") -> 0 | M45: =COUNTIF(P45:AS45,"at") -> 30 | N45: =COUNTIF(P45:AS45,"TAD") -> 0 | O45: =COUNTIF(P45:AS45,"TP") -> 0 | P45: AT | Q45: AT | R45: AT | S45: AT | T45: AT | U45: AT | V45: AT | W45: AT | X45: AT | Y45: AT | Z45: AT | AA45: AT | AB45: AT | AC45: AT | AD45: AT | AE45: AT | AF45: AT | AG45: AT | AH45: AT | AI45: AT | AJ45: AT | AK45: AT | AL45: AT | AM45: AT | AN45: AT | AO45: AT | AP45: AT | AQ45: AT | AR45: AT | AS45: AT | AT45: AT
A46: =IFERROR(IF(config!E38="","",config!E38),"") -> C005624 | B46: =IFERROR(IF(config!F38="","",config!F38),"") -> MARTIN-HERNANDEZ | C46: =IFERROR(IF(config!G38="","",config!G38),"") -> Pierre | D46: =COUNTIF(P46:AS46,"p") -> 0 | E46: =COUNTIF(P46:AS46,"PC") -> 0 | F46: =COUNTIF(P46:AS46,"f") -> 0 | G46: =COUNTIF(P46:AS46,"ast") -> 0 | H46: =COUNTIF(P46:AS46,"cA") -> 0 | I46: =COUNTIF(P46:AS46,"rtt") -> 0 | J46: =COUNTIF(P46:AS46,"cex") -> 0 | K46: =COUNTIF(P46:AS46,"res") -> 0 | L46: =COUNTIF(P46:AS46,"mA") -> 0 | M46: =COUNTIF(P46:AS46,"at") -> 0 | N46: =COUNTIF(P46:AS46,"TAD") -> 0 | O46: =COUNTIF(P46:AS46,"TP") -> 0
A47: =IFERROR(IF(config!E39="","",config!E39),"") -> C007758 | B47: =IFERROR(IF(config!F39="","",config!F39),"") -> PIERRE | C47: =IFERROR(IF(config!G39="","",config!G39),"") -> Frantzy | D47: =COUNTIF(P47:AS47,"p") -> 0 | E47: =COUNTIF(P47:AS47,"PC") -> 0 | F47: =COUNTIF(P47:AS47,"f") -> 0 | G47: =COUNTIF(P47:AS47,"ast") -> 0 | H47: =COUNTIF(P47:AS47,"cA") -> 0 | I47: =COUNTIF(P47:AS47,"rtt") -> 0 | J47: =COUNTIF(P47:AS47,"cex") -> 0 | K47: =COUNTIF(P47:AS47,"res") -> 0 | L47: =COUNTIF(P47:AS47,"mA") -> 0 | M47: =COUNTIF(P47:AS47,"at") -> 0 | N47: =COUNTIF(P47:AS47,"TAD") -> 0 | O47: =COUNTIF(P47:AS47,"TP") -> 0
A48: =IFERROR(IF(config!E40="","",config!E40),"") -> C004609 | B48: =IFERROR(IF(config!F40="","",config!F40),"") -> SOLA | C48: =IFERROR(IF(config!G40="","",config!G40),"") -> Xavier | D48: =COUNTIF(P48:AS48,"p") -> 0 | E48: =COUNTIF(P48:AS48,"PC") -> 0 | F48: =COUNTIF(P48:AS48,"f") -> 0 | G48: =COUNTIF(P48:AS48,"ast") -> 0 | H48: =COUNTIF(P48:AS48,"cA") -> 0 | I48: =COUNTIF(P48:AS48,"rtt") -> 0 | J48: =COUNTIF(P48:AS48,"cex") -> 0 | K48: =COUNTIF(P48:AS48,"res") -> 0 | L48: =COUNTIF(P48:AS48,"mA") -> 0 | M48: =COUNTIF(P48:AS48,"at") -> 0 | N48: =COUNTIF(P48:AS48,"TAD") -> 0 | O48: =COUNTIF(P48:AS48,"TP") -> 0
A49: =IFERROR(IF(config!E41="","",config!E41),"") -> T029734 | B49: =IFERROR(IF(config!F41="","",config!F41),"") -> WEISS | C49: =IFERROR(IF(config!G41="","",config!G41),"") -> Miguel | D49: =COUNTIF(P49:AS49,"p") -> 0 | E49: =COUNTIF(P49:AS49,"PC") -> 0 | F49: =COUNTIF(P49:AS49,"f") -> 0 | G49: =COUNTIF(P49:AS49,"ast") -> 0 | H49: =COUNTIF(P49:AS49,"cA") -> 0 | I49: =COUNTIF(P49:AS49,"rtt") -> 0 | J49: =COUNTIF(P49:AS49,"cex") -> 0 | K49: =COUNTIF(P49:AS49,"res") -> 0 | L49: =COUNTIF(P49:AS49,"mA") -> 0 | M49: =COUNTIF(P49:AS49,"at") -> 0 | N49: =COUNTIF(P49:AS49,"TAD") -> 0 | O49: =COUNTIF(P49:AS49,"TP") -> 0
A50: =IFERROR(IF(config!E42="","",config!E42),"") | AV50: ESPACES VERTS
A51: =IFERROR(IF(config!E43="","",config!E43),"") -> AGENTS ESPACES VERTS | B51: =IFERROR(IF(config!F43="","",config!F43),"") | C51: =IFERROR(IF(config!G43="","",config!G43),"") | D51: =COUNTIF(P51:AS51,"p") -> 0 | E51: =COUNTIF(P51:AS51,"PC") -> 0 | F51: =COUNTIF(P51:AS51,"f") -> 0 | G51: =COUNTIF(P51:AS51,"ast") -> 0 | H51: =COUNTIF(P51:AS51,"cA") -> 0 | I51: =COUNTIF(P51:AS51,"rtt") -> 0 | J51: =COUNTIF(P51:AS51,"cex") -> 0 | K51: =COUNTIF(P51:AS51,"res") -> 0 | L51: =COUNTIF(P51:AS51,"mA") -> 0 | M51: =COUNTIF(P51:AS51,"at") -> 0 | N51: =COUNTIF(P51:AS51,"TAD") -> 0 | O51: =COUNTIF(P51:AS51,"TP") -> 0 | AV51: P | AW51: PC | AX51: F | AY51: AST | AZ51: CA | BA51: RTT | BB51: CEX | BC51: R | BD51: M | BE51: AT | BF51: TP
A52: =IFERROR(IF(config!E44="","",config!E44),"") -> N018514 | B52: =IFERROR(IF(config!F44="","",config!F44),"") -> DELANDE | C52: =IFERROR(IF(config!G44="","",config!G44),"") -> Romain | D52: =COUNTIF(P52:AS52,"p") -> 0 | E52: =COUNTIF(P52:AS52,"PC") -> 0 | F52: =COUNTIF(P52:AS52,"f") -> 0 | G52: =COUNTIF(P52:AS52,"ast") -> 0 | H52: =COUNTIF(P52:AS52,"cA") -> 0 | I52: =COUNTIF(P52:AS52,"rtt") -> 0 | J52: =COUNTIF(P52:AS52,"cex") -> 0 | K52: =COUNTIF(P52:AS52,"res") -> 0 | L52: =COUNTIF(P52:AS52,"mA") -> 0 | M52: =COUNTIF(P52:AS52,"at") -> 0 | N52: =COUNTIF(P52:AS52,"TAD") -> 0 | O52: =COUNTIF(P52:AS52,"TP") -> 0 | AV52: =COUNTIF(P51:AS62,"P") -> 0 | AW52: =COUNTIF(P51:AS62,"PC") -> 0 | AX52: =COUNTIF(P51:AS62,"F") -> 0 | AY52: =COUNTIF(P51:AS62,"AST") -> 0 | AZ52: =COUNTIF(P51:AS62,"CA") -> 0 | BA52: =COUNTIF(P51:AS62,"RTT") -> 0 | BB52: =COUNTIF(P51:AS62,"CEX") -> 0 | BC52: =COUNTIF(P51:AS62,"RES") -> 0 | BD52: =COUNTIF(P51:AS62,"MA") -> 0 | BE52: =COUNTIF(P51:AS62,"AT") -> 0 | BF52: =COUNTIF(P51:AS62,"TP") -> 0
A53: =IFERROR(IF(config!E45="","",config!E45),"") -> T029231 | B53: =IFERROR(IF(config!F45="","",config!F45),"") -> DA SILVA REIS | C53: =IFERROR(IF(config!G45="","",config!G45),"") -> Alexandra | D53: =COUNTIF(P53:AS53,"p") -> 0 | E53: =COUNTIF(P53:AS53,"PC") -> 0 | F53: =COUNTIF(P53:AS53,"f") -> 0 | G53: =COUNTIF(P53:AS53,"ast") -> 0 | H53: =COUNTIF(P53:AS53,"cA") -> 0 | I53: =COUNTIF(P53:AS53,"rtt") -> 0 | J53: =COUNTIF(P53:AS53,"cex") -> 0 | K53: =COUNTIF(P53:AS53,"res") -> 0 | L53: =COUNTIF(P53:AS53,"mA") -> 0 | M53: =COUNTIF(P53:AS53,"at") -> 0 | N53: =COUNTIF(P53:AS53,"TAD") -> 0 | O53: =COUNTIF(P53:AS53,"TP") -> 0
A54: =IFERROR(IF(config!E46="","",config!E46),"") -> N011181 | B54: =IFERROR(IF(config!F46="","",config!F46),"") -> ELMAGROUD | C54: =IFERROR(IF(config!G46="","",config!G46),"") -> Sofiane | D54: =COUNTIF(P54:AS54,"p") -> 0 | E54: =COUNTIF(P54:AS54,"PC") -> 0 | F54: =COUNTIF(P54:AS54,"f") -> 0 | G54: =COUNTIF(P54:AS54,"ast") -> 0 | H54: =COUNTIF(P54:AS54,"cA") -> 0 | I54: =COUNTIF(P54:AS54,"rtt") -> 0 | J54: =COUNTIF(P54:AS54,"cex") -> 0 | K54: =COUNTIF(P54:AS54,"res") -> 0 | L54: =COUNTIF(P54:AS54,"mA") -> 0 | M54: =COUNTIF(P54:AS54,"at") -> 0 | N54: =COUNTIF(P54:AS54,"TAD") -> 0 | O54: =COUNTIF(P54:AS54,"TP") -> 0
A55: =IFERROR(IF(config!E47="","",config!E47),"") -> C004163 | B55: =IFERROR(IF(config!F47="","",config!F47),"") -> ESTEVE | C55: =IFERROR(IF(config!G47="","",config!G47),"") -> Thierry | D55: =COUNTIF(P55:AS55,"p") -> 0 | E55: =COUNTIF(P55:AS55,"PC") -> 0 | F55: =COUNTIF(P55:AS55,"f") -> 0 | G55: =COUNTIF(P55:AS55,"ast") -> 0 | H55: =COUNTIF(P55:AS55,"cA") -> 0 | I55: =COUNTIF(P55:AS55,"rtt") -> 0 | J55: =COUNTIF(P55:AS55,"cex") -> 0 | K55: =COUNTIF(P55:AS55,"res") -> 0 | L55: =COUNTIF(P55:AS55,"mA") -> 0 | M55: =COUNTIF(P55:AS55,"at") -> 0 | N55: =COUNTIF(P55:AS55,"TAD") -> 0 | O55: =COUNTIF(P55:AS55,"TP") -> 0
A56: =IFERROR(IF(config!E48="","",config!E48),"") -> C006428 | B56: =IFERROR(IF(config!F48="","",config!F48),"") -> KADRI | C56: =IFERROR(IF(config!G48="","",config!G48),"") -> Houssine | D56: =COUNTIF(P56:AS56,"p") -> 0 | E56: =COUNTIF(P56:AS56,"PC") -> 0 | F56: =COUNTIF(P56:AS56,"f") -> 0 | G56: =COUNTIF(P56:AS56,"ast") -> 0 | H56: =COUNTIF(P56:AS56,"cA") -> 0 | I56: =COUNTIF(P56:AS56,"rtt") -> 0 | J56: =COUNTIF(P56:AS56,"cex") -> 0 | K56: =COUNTIF(P56:AS56,"res") -> 0 | L56: =COUNTIF(P56:AS56,"mA") -> 0 | M56: =COUNTIF(P56:AS56,"at") -> 0 | N56: =COUNTIF(P56:AS56,"TAD") -> 0 | O56: =COUNTIF(P56:AS56,"TP") -> 0
A57: =IFERROR(IF(config!E49="","",config!E49),"") -> N023455 | B57: =IFERROR(IF(config!F49="","",config!F49),"") -> MALLET | C57: =IFERROR(IF(config!G49="","",config!G49),"") -> Ludovic | D57: =COUNTIF(P57:AS57,"p") -> 0 | E57: =COUNTIF(P57:AS57,"PC") -> 0 | F57: =COUNTIF(P57:AS57,"f") -> 0 | G57: =COUNTIF(P57:AS57,"ast") -> 0 | H57: =COUNTIF(P57:AS57,"cA") -> 0 | I57: =COUNTIF(P57:AS57,"rtt") -> 0 | J57: =COUNTIF(P57:AS57,"cex") -> 0 | K57: =COUNTIF(P57:AS57,"res") -> 0 | L57: =COUNTIF(P57:AS57,"mA") -> 0 | M57: =COUNTIF(P57:AS57,"at") -> 0 | N57: =COUNTIF(P57:AS57,"TAD") -> 0 | O57: =COUNTIF(P57:AS57,"TP") -> 0
A58: =IFERROR(IF(config!E50="","",config!E50),"") -> C007461 | B58: =IFERROR(IF(config!F50="","",config!F50),"") -> MAURY | C58: =IFERROR(IF(config!G50="","",config!G50),"") -> Xavier | D58: =COUNTIF(P58:AS58,"p") -> 0 | E58: =COUNTIF(P58:AS58,"PC") -> 0 | F58: =COUNTIF(P58:AS58,"f") -> 0 | G58: =COUNTIF(P58:AS58,"ast") -> 0 | H58: =COUNTIF(P58:AS58,"cA") -> 0 | I58: =COUNTIF(P58:AS58,"rtt") -> 0 | J58: =COUNTIF(P58:AS58,"cex") -> 0 | K58: =COUNTIF(P58:AS58,"res") -> 0 | L58: =COUNTIF(P58:AS58,"mA") -> 0 | M58: =COUNTIF(P58:AS58,"at") -> 0 | N58: =COUNTIF(P58:AS58,"TAD") -> 0 | O58: =COUNTIF(P58:AS58,"TP") -> 0
A59: =IFERROR(IF(config!E51="","",config!E51),"") -> T030790 | B59: =IFERROR(IF(config!F51="","",config!F51),"") -> MOINGT | C59: =IFERROR(IF(config!G51="","",config!G51),"") -> Joffrey | D59: =COUNTIF(P59:AS59,"p") -> 0 | E59: =COUNTIF(P59:AS59,"PC") -> 0 | F59: =COUNTIF(P59:AS59,"f") -> 0 | G59: =COUNTIF(P59:AS59,"ast") -> 0 | H59: =COUNTIF(P59:AS59,"cA") -> 0 | I59: =COUNTIF(P59:AS59,"rtt") -> 0 | J59: =COUNTIF(P59:AS59,"cex") -> 0 | K59: =COUNTIF(P59:AS59,"res") -> 0 | L59: =COUNTIF(P59:AS59,"mA") -> 0 | M59: =COUNTIF(P59:AS59,"at") -> 0 | N59: =COUNTIF(P59:AS59,"TAD") -> 0 | O59: =COUNTIF(P59:AS59,"TP") -> 0
A60: =IFERROR(IF(config!E52="","",config!E52),"") -> T030619 | B60: =IFERROR(IF(config!F52="","",config!F52),"") -> REY | C60: =IFERROR(IF(config!G52="","",config!G52),"") -> Adrien | D60: =COUNTIF(P60:AS60,"p") -> 0 | E60: =COUNTIF(P60:AS60,"PC") -> 0 | F60: =COUNTIF(P60:AS60,"f") -> 0 | G60: =COUNTIF(P60:AS60,"ast") -> 0 | H60: =COUNTIF(P60:AS60,"cA") -> 0 | I60: =COUNTIF(P60:AS60,"rtt") -> 0 | J60: =COUNTIF(P60:AS60,"cex") -> 0 | K60: =COUNTIF(P60:AS60,"res") -> 0 | L60: =COUNTIF(P60:AS60,"mA") -> 0 | M60: =COUNTIF(P60:AS60,"at") -> 0 | N60: =COUNTIF(P60:AS60,"TAD") -> 0 | O60: =COUNTIF(P60:AS60,"TP") -> 0
A61: =IFERROR(IF(config!E53="","",config!E53),"") -> N019681 | B61: =IFERROR(IF(config!F53="","",config!F53),"") -> TADJROUNA | C61: =IFERROR(IF(config!G53="","",config!G53),"") -> Mohamed | D61: =COUNTIF(P61:AS61,"p") -> 0 | E61: =COUNTIF(P61:AS61,"PC") -> 0 | F61: =COUNTIF(P61:AS61,"f") -> 0 | G61: =COUNTIF(P61:AS61,"ast") -> 0 | H61: =COUNTIF(P61:AS61,"cA") -> 0 | I61: =COUNTIF(P61:AS61,"rtt") -> 0 | J61: =COUNTIF(P61:AS61,"cex") -> 0 | K61: =COUNTIF(P61:AS61,"res") -> 0 | L61: =COUNTIF(P61:AS61,"mA") -> 0 | M61: =COUNTIF(P61:AS61,"at") -> 0 | N61: =COUNTIF(P61:AS61,"TAD") -> 0 | O61: =COUNTIF(P61:AS61,"TP") -> 0
A62: =IFERROR(IF(config!E54="","",config!E54),"") -> N019975 | B62: =IFERROR(IF(config!F54="","",config!F54),"") -> VILLENEUVE | C62: =IFERROR(IF(config!G54="","",config!G54),"") -> Fabrice | D62: =COUNTIF(P62:AS62,"p") -> 0 | E62: =COUNTIF(P62:AS62,"PC") -> 0 | F62: =COUNTIF(P62:AS62,"f") -> 0 | G62: =COUNTIF(P62:AS62,"ast") -> 0 | H62: =COUNTIF(P62:AS62,"cA") -> 0 | I62: =COUNTIF(P62:AS62,"rtt") -> 0 | J62: =COUNTIF(P62:AS62,"cex") -> 0 | K62: =COUNTIF(P62:AS62,"res") -> 0 | L62: =COUNTIF(P62:AS62,"mA") -> 0 | M62: =COUNTIF(P62:AS62,"at") -> 0 | N62: =COUNTIF(P62:AS62,"TAD") -> 0 | O62: =COUNTIF(P62:AS62,"TP") -> 0
A63: =IFERROR(IF(config!E55="","",config!E55),"") | AV63: MAGASIN
A64: =IFERROR(IF(config!E56="","",config!E56),"") -> COMMUN - MAGASINIER ET AGENTS ENTRETIEN | B64: =IFERROR(IF(config!F56="","",config!F56),"") | C64: =IFERROR(IF(config!G56="","",config!G56),"") | D64: =COUNTIF(P64:AS64,"p") -> 0 | E64: =COUNTIF(P64:AS64,"PC") -> 0 | F64: =COUNTIF(P64:AS64,"f") -> 0 | G64: =COUNTIF(P64:AS64,"ast") -> 0 | H64: =COUNTIF(P64:AS64,"cA") -> 0 | I64: =COUNTIF(P64:AS64,"rtt") -> 0 | J64: =COUNTIF(P64:AS64,"cex") -> 0 | K64: =COUNTIF(P64:AS64,"res") -> 0 | L64: =COUNTIF(P64:AS64,"mA") -> 0 | M64: =COUNTIF(P64:AS64,"at") -> 0 | N64: =COUNTIF(P64:AS64,"TAD") -> 0 | O64: =COUNTIF(P64:AS64,"TP") -> 0 | AV64: P | AW64: PC | AX64: F | AY64: AST | AZ64: CA | BA64: RTT | BB64: CEX | BC64: R | BD64: M | BE64: AT | BF64: TP
A65: =IFERROR(IF(config!E57="","",config!E57),"") -> N010342 | B65: =IFERROR(IF(config!F57="","",config!F57),"") -> VOL | C65: =IFERROR(IF(config!G57="","",config!G57),"") -> Christophe | D65: =COUNTIF(P65:AS65,"p") -> 0 | E65: =COUNTIF(P65:AS65,"PC") -> 0 | F65: =COUNTIF(P65:AS65,"f") -> 0 | G65: =COUNTIF(P65:AS65,"ast") -> 0 | H65: =COUNTIF(P65:AS65,"cA") -> 0 | I65: =COUNTIF(P65:AS65,"rtt") -> 0 | J65: =COUNTIF(P65:AS65,"cex") -> 0 | K65: =COUNTIF(P65:AS65,"res") -> 0 | L65: =COUNTIF(P65:AS65,"mA") -> 0 | M65: =COUNTIF(P65:AS65,"at") -> 0 | N65: =COUNTIF(P65:AS65,"TAD") -> 0 | O65: =COUNTIF(P65:AS65,"TP") -> 0 | AV65: =COUNTIF(P64:AS75,"P") -> 0 | AW65: =COUNTIF(P64:AS75,"PC") -> 0 | AX65: =COUNTIF(P64:AS75,"F") -> 0 | AY65: =COUNTIF(P64:AS75,"AST") -> 0 | AZ65: =COUNTIF(P64:AS75,"Ca") -> 0 | BA65: =COUNTIF(P64:AS75,"RTT") -> 0 | BB65: =COUNTIF(P64:AS75,"CEX") -> 0 | BC65: =COUNTIF(P64:AS75,"RES") -> 0 | BD65: =COUNTIF(P64:AS75,"MA") -> 0 | BE65: =COUNTIF(P64:AS75,"AT") -> 0 | BF65: =COUNTIF(P64:AS75,"TP") -> 10
A66: =IFERROR(IF(config!E58="","",config!E58),"") -> C003865 | B66: =IFERROR(IF(config!F58="","",config!F58),"") -> GENNA | C66: =IFERROR(IF(config!G58="","",config!G58),"") -> Grégory | D66: =COUNTIF(P66:AS66,"p") -> 0 | E66: =COUNTIF(P66:AS66,"PC") -> 0 | F66: =COUNTIF(P66:AS66,"f") -> 0 | G66: =COUNTIF(P66:AS66,"ast") -> 0 | H66: =COUNTIF(P66:AS66,"cA") -> 0 | I66: =COUNTIF(P66:AS66,"rtt") -> 0 | J66: =COUNTIF(P66:AS66,"cex") -> 0 | K66: =COUNTIF(P66:AS66,"res") -> 0 | L66: =COUNTIF(P66:AS66,"mA") -> 0 | M66: =COUNTIF(P66:AS66,"at") -> 0 | N66: =COUNTIF(P66:AS66,"TAD") -> 0 | O66: =COUNTIF(P66:AS66,"TP") -> 0
A67: =IFERROR(IF(config!E59="","",config!E59),"") -> N010032 | B67: =IFERROR(IF(config!F59="","",config!F59),"") -> BERNARD | C67: =IFERROR(IF(config!G59="","",config!G59),"") -> Jean-Louis | D67: =COUNTIF(P67:AS67,"p") -> 0 | E67: =COUNTIF(P67:AS67,"PC") -> 0 | F67: =COUNTIF(P67:AS67,"f") -> 0 | G67: =COUNTIF(P67:AS67,"ast") -> 0 | H67: =COUNTIF(P67:AS67,"cA") -> 0 | I67: =COUNTIF(P67:AS67,"rtt") -> 0 | J67: =COUNTIF(P67:AS67,"cex") -> 0 | K67: =COUNTIF(P67:AS67,"res") -> 0 | L67: =COUNTIF(P67:AS67,"mA") -> 0 | M67: =COUNTIF(P67:AS67,"at") -> 0 | N67: =COUNTIF(P67:AS67,"TAD") -> 0 | O67: =COUNTIF(P67:AS67,"TP") -> 10 | R67: TP | T67: TP | X67: TP | Z67: TP | AB67: TP | AF67: TP | AH67: TP | AL67: TP | AN67: TP | AP67: TP | AT67: TP
A68: =IFERROR(IF(config!E60="","",config!E60),"") -> N010563 | B68: =IFERROR(IF(config!F60="","",config!F60),"") -> HAUBRAICHE | C68: =IFERROR(IF(config!G60="","",config!G60),"") -> Philippe | D68: =COUNTIF(P68:AS68,"p") -> 0 | E68: =COUNTIF(P68:AS68,"PC") -> 0 | F68: =COUNTIF(P68:AS68,"f") -> 0 | G68: =COUNTIF(P68:AS68,"ast") -> 0 | H68: =COUNTIF(P68:AS68,"cA") -> 0 | I68: =COUNTIF(P68:AS68,"rtt") -> 0 | J68: =COUNTIF(P68:AS68,"cex") -> 0 | K68: =COUNTIF(P68:AS68,"res") -> 0 | L68: =COUNTIF(P68:AS68,"mA") -> 0 | M68: =COUNTIF(P68:AS68,"at") -> 0 | N68: =COUNTIF(P68:AS68,"TAD") -> 0 | O68: =COUNTIF(P68:AS68,"TP") -> 0
A69: =IFERROR(IF(config!E69="","",config!E69),"") | B69: =IFERROR(IF(config!F69="","",config!F69),"") | C69: =IFERROR(IF(config!G69="","",config!G69),"") | D69: =COUNTIF(P69:AS69,"p") -> 0 | E69: =COUNTIF(P69:AS69,"PC") -> 0 | F69: =COUNTIF(P69:AS69,"f") -> 0 | G69: =COUNTIF(P69:AS69,"ast") -> 0 | H69: =COUNTIF(P69:AS69,"cA") -> 0 | I69: =COUNTIF(P69:AS69,"rtt") -> 0 | J69: =COUNTIF(P69:AS69,"cex") -> 0 | K69: =COUNTIF(P69:AS69,"res") -> 0 | L69: =COUNTIF(P69:AS69,"mA") -> 0 | M69: =COUNTIF(P69:AS69,"at") -> 0 | N69: =COUNTIF(P69:AS69,"TAD") -> 0 | O69: =COUNTIF(P69:AS69,"TP") -> 0
T78: P

Sheet Avril 2026
A1: =config!B8 -> 46113
A2: =config!C8 -> 46142
P4: =A1 -> 46113 | Q4: =P4+1 -> 46114 | R4: =Q4+1 -> 46115 | S4: =R4+1 -> 46116 | T4: =S4+1 -> 46117 | U4: =T4+1 -> 46118 | V4: =U4+1 -> 46119 | W4: =V4+1 -> 46120 | X4: =W4+1 -> 46121 | ... AT4: =AS4+1 -> 46143
A5: =TEXT(A1,"mmmmmmmmmmmm") -> avril
D8: TOTAL
D9: P | E9: PC | F9: F | G9: AST | H9: CA | I9: RTT | J9: CEX | K9: R | L9: M | M9: AT | N9: TAD | O9: TP | P9: =IFERROR(WEEKDAY(P4),"") -> 4 | Q9: =IFERROR(WEEKDAY(Q4),"") -> 5 | R9: =IFERROR(WEEKDAY(R4),"") -> 6 | S9: =IFERROR(WEEKDAY(S4),"") -> 7 | T9: =IFERROR(WEEKDAY(T4),"") -> 1 | U9: =IFERROR(WEEKDAY(U4),"") -> 2 | V9: =IFERROR(WEEKDAY(V4),"") -> 3 | W9: =IFERROR(WEEKDAY(W4),"") -> 4 | ... AT9: =IFERROR(WEEKDAY(AT4),"") -> 6
A10: Matricule | B10: Nom | C10: Prénom | D10: PRESENCE | E10: PREV CONGES | F10: FORMATION | G10: ASTREINT | H10: CONGES ANNUEL | I10: RTT | J10: CONGES EXC | K10: RESERVE | L10: MALADIE | M10: ACCIDENT DE TRAVAIL | N10: TRAVAI A DISTANCE | O10: Tps partiel TH | P10: =DAY(P4) -> 1 | Q10: =DAY(Q4) -> 2 | R10: =DAY(R4) -> 3 | S10: =DAY(S4) -> 4 | T10: =DAY(T4) -> 5 | U10: =DAY(U4) -> 6 | V10: =DAY(V4) -> 7 | W10: =DAY(W4) -> 8 | ... AT10: =DAY(AT4) -> 1
A11: =IFERROR(IF(config!E3="","",config!E3),"") -> N019002 | B11: =IFERROR(IF(config!F3="","",config!F3),"") -> DEBREYNE | C11: =IFERROR(IF(config!G3="","",config!G3),"") -> Audrey | D11: =COUNTIF(P11:AS11,"p") -> 0 | E11: =COUNTIF(P11:AS11,"PC") -> 0 | F11: =COUNTIF(P11:AS11,"f") -> 0 | G11: =COUNTIF(P11:AS11,"ast") -> 0 | H11: =COUNTIF(P11:AS11,"cA") -> 0 | I11: =COUNTIF(P11:AS11,"rtt") -> 0 | J11: =COUNTIF(P11:AS11,"cex") -> 0 | K11: =COUNTIF(P11:AS11,"res") -> 0 | L11: =COUNTIF(P11:AS11,"mA") -> 0 | M11: =COUNTIF(P11:AS11,"at") -> 0 | N11: =COUNTIF(P11:AS11,"TAD") -> 0 | O11: =COUNTIF(P11:AS11,"TP") -> 0 | AV11: BUREAU
A12: =IFERROR(IF(config!E4="","",config!E4),"") -> N024050 | B12: =IFERROR(IF(config!F4="","",config!F4),"") -> LUTARD | C12: =IFERROR(IF(config!G4="","",config!G4),"") -> Karyne | D12: =COUNTIF(P12:AS12,"p") -> 0 | E12: =COUNTIF(P12:AS12,"PC") -> 0 | F12: =COUNTIF(P12:AS12,"f") -> 0 | G12: =COUNTIF(P12:AS12,"ast") -> 0 | H12: =COUNTIF(P12:AS12,"cA") -> 0 | I12: =COUNTIF(P12:AS12,"rtt") -> 0 | J12: =COUNTIF(P12:AS12,"cex") -> 0 | K12: =COUNTIF(P12:AS12,"res") -> 0 | L12: =COUNTIF(P12:AS12,"mA") -> 0 | M12: =COUNTIF(P12:AS12,"at") -> 0 | N12: =COUNTIF(P12:AS12,"TAD") -> 0 | O12: =COUNTIF(P12:AS12,"TP") -> 0 | AV12: P | AW12: PC | AX12: F | AY12: AST | AZ12: CA | BA12: RTT | BB12: CEX | BC12: R | BD12: M | BE12: AT | BF12: TP
A13: =IFERROR(IF(config!E5="","",config!E5),"") -> N018905 | B13: =IFERROR(IF(config!F5="","",config!F5),"") -> HAUTDECOEUR | C13: =IFERROR(IF(config!G5="","",config!G5),"") -> Laurence | D13: =COUNTIF(P13:AS13,"p") -> 0 | E13: =COUNTIF(P13:AS13,"PC") -> 0 | F13: =COUNTIF(P13:AS13,"f") -> 0 | G13: =COUNTIF(P13:AS13,"ast") -> 0 | H13: =COUNTIF(P13:AS13,"cA") -> 0 | I13: =COUNTIF(P13:AS13,"rtt") -> 0 | J13: =COUNTIF(P13:AS13,"cex") -> 0 | K13: =COUNTIF(P13:AS13,"res") -> 0 | L13: =COUNTIF(P13:AS13,"mA") -> 0 | M13: =COUNTIF(P13:AS13,"at") -> 0 | N13: =COUNTIF(P13:AS13,"TAD") -> 0 | O13: =COUNTIF(P13:AS13,"TP") -> 0 | AV13: =COUNTIF(P11:AS29,"p") -> 0 | AW13: =COUNTIF(P11:AS29,"PC") -> 0 | AX13: =COUNTIF(P11:AS29,"f") -> 0 | AY13: =COUNTIF(P11:AS29,"ast") -> 0 | AZ13: =COUNTIF(P11:AS29,"ca") -> 0 | BA13: =COUNTIF(P11:AS29,"rtt") -> 0 | BB13: =COUNTIF(P11:AS29,"CEX") -> 0 | BC13: =COUNTIF(P11:AS29,"RES") -> 0 | BD13: =COUNTIF(P11:AS29,"MA") -> 0 | BE13: =COUNTIF(P11:AS29,"AT") -> 0 | BF13: =COUNTIF(P11:AS29,"TP") -> 0
A14: =IFERROR(IF(config!E6="","",config!E6),"") -> N016820 | B14: =IFERROR(IF(config!F6="","",config!F6),"") -> GRENET | C14: =IFERROR(IF(config!G6="","",config!G6),"") -> Eric | D14: =COUNTIF(P14:AS14,"p") -> 0 | E14: =COUNTIF(P14:AS14,"PC") -> 0 | F14: =COUNTIF(P14:AS14,"f") -> 0 | G14: =COUNTIF(P14:AS14,"ast") -> 0 | H14: =COUNTIF(P14:AS14,"cA") -> 0 | I14: =COUNTIF(P14:AS14,"rtt") -> 0 | J14: =COUNTIF(P14:AS14,"cex") -> 0 | K14: =COUNTIF(P14:AS14,"res") -> 0 | L14: =COUNTIF(P14:AS14,"mA") -> 0 | M14: =COUNTIF(P14:AS14,"at") -> 0 | N14: =COUNTIF(P14:AS14,"TAD") -> 0 | O14: =COUNTIF(P14:AS14,"TP") -> 0
A15: =IFERROR(IF(config!E7="","",config!E7),"") -> C003285 | B15: =IFERROR(IF(config!F7="","",config!F7),"") -> FOURCADE | C15: =IFERROR(IF(config!G7="","",config!G7),"") -> Hervé | D15: =COUNTIF(P15:AS15,"p") -> 0 | E15: =COUNTIF(P15:AS15,"PC") -> 0 | F15: =COUNTIF(P15:AS15,"f") -> 0 | G15: =COUNTIF(P15:AS15,"ast") -> 0 | H15: =COUNTIF(P15:AS15,"cA") -> 0 | I15: =COUNTIF(P15:AS15,"rtt") -> 0 | J15: =COUNTIF(P15:AS15,"cex") -> 0 | K15: =COUNTIF(P15:AS15,"res") -> 0 | L15: =COUNTIF(P15:AS15,"mA") -> 0 | M15: =COUNTIF(P15:AS15,"at") -> 0 | N15: =COUNTIF(P15:AS15,"TAD") -> 0 | O15: =COUNTIF(P15:AS15,"TP") -> 0
A16: =IFERROR(IF(config!E8="","",config!E8),"") -> JT030845 | B16: =IFERROR(IF(config!F8="","",config!F8),"") -> GONCALVES | C16: =IFERROR(IF(config!G8="","",config!G8),"") -> Lionel | D16: =COUNTIF(P16:AS16,"p") -> 0 | E16: =COUNTIF(P16:AS16,"PC") -> 0 | F16: =COUNTIF(P16:AS16,"f") -> 0 | G16: =COUNTIF(P16:AS16,"ast") -> 0 | H16: =COUNTIF(P16:AS16,"cA") -> 0 | I16: =COUNTIF(P16:AS16,"rtt") -> 0 | J16: =COUNTIF(P16:AS16,"cex") -> 0 | K16: =COUNTIF(P16:AS16,"res") -> 0 | L16: =COUNTIF(P16:AS16,"mA") -> 0 | M16: =COUNTIF(P16:AS16,"at") -> 0 | N16: =COUNTIF(P16:AS16,"TAD") -> 0 | O16: =COUNTIF(P16:AS16,"TP") -> 0
A17: =IFERROR(IF(config!E9="","",config!E9),"") -> N011045 | B17: =IFERROR(IF(config!F9="","",config!F9),"") -> SIGALA | C17: =IFERROR(IF(config!G9="","",config!G9),"") -> Jean-Christohpe | D17: =COUNTIF(P17:AS17,"p") -> 0 | E17: =COUNTIF(P17:AS17,"PC") -> 0 | F17: =COUNTIF(P17:AS17,"f") -> 0 | G17: =COUNTIF(P17:AS17,"ast") -> 0 | H17: =COUNTIF(P17:AS17,"cA") -> 0 | I17: =COUNTIF(P17:AS17,"rtt") -> 0 | J17: =COUNTIF(P17:AS17,"cex") -> 0 | K17: =COUNTIF(P17:AS17,"res") -> 0 | L17: =COUNTIF(P17:AS17,"mA") -> 0 | M17: =COUNTIF(P17:AS17,"at") -> 0 | N17: =COUNTIF(P17:AS17,"TAD") -> 0 | O17: =COUNTIF(P17:AS17,"TP") -> 0
A18: =IFERROR(IF(config!E10="","",config!E10),"") -> N010036 | B18: =IFERROR(IF(config!F10="","",config!F10),"") -> BETTINGER | C18: =IFERROR(IF(config!G10="","",config!G10),"") -> Philippe | D18: =COUNTIF(P18:AS18,"p") -> 0 | E18: =COUNTIF(P18:AS18,"PC") -> 0 | F18: =COUNTIF(P18:AS18,"f") -> 0 | G18: =COUNTIF(P18:AS18,"ast") -> 0 | H18: =COUNTIF(P18:AS18,"cA") -> 0 | I18: =COUNTIF(P18:AS18,"rtt") -> 0 | J18: =COUNTIF(P18:AS18,"cex") -> 0 | K18: =COUNTIF(P18:AS18,"res") -> 0 | L18: =COUNTIF(P18:AS18,"mA") -> 0 | M18: =COUNTIF(P18:AS18,"at") -> 0 | N18: =COUNTIF(P18:AS18,"TAD") -> 0 | O18: =COUNTIF(P18:AS18,"TP") -> 0
A19: =IFERROR(IF(config!E11="","",config!E11),"") -> N015967 | B19: =IFERROR(IF(config!F11="","",config!F11),"") -> TUCOULET | C19: =IFERROR(IF(config!G11="","",config!G11),"") -> Dorian | D19: =COUNTIF(P19:AS19,"p") -> 0 | E19: =COUNTIF(P19:AS19,"PC") -> 0 | F19: =COUNTIF(P19:AS19,"f") -> 0 | G19: =COUNTIF(P19:AS19,"ast") -> 0 | H19: =COUNTIF(P19:AS19,"cA") -> 0 | I19: =COUNTIF(P19:AS19,"rtt") -> 0 | J19: =COUNTIF(P19:AS19,"cex") -> 0 | K19: =COUNTIF(P19:AS19,"res") -> 0 | L19: =COUNTIF(P19:AS19,"mA") -> 0 | M19: =COUNTIF(P19:AS19,"at") -> 0 | N19: =COUNTIF(P19:AS19,"TAD") -> 0 | O19: =COUNTIF(P19:AS19,"TP") -> 0
A20: =IFERROR(IF(config!E12="","",config!E12),"") -> N017539 | B20: =IFERROR(IF(config!F12="","",config!F12),"") -> VRBOVSKA | C20: =IFERROR(IF(config!G12="","",config!G12),"") -> Xavier | D20: =COUNTIF(P20:AS20,"p") -> 0 | E20: =COUNTIF(P20:AS20,"PC") -> 0 | F20: =COUNTIF(P20:AS20,"f") -> 0 | G20: =COUNTIF(P20:AS20,"ast") -> 0 | H20: =COUNTIF(P20:AS20,"cA") -> 0 | I20: =COUNTIF(P20:AS20,"rtt") -> 0 | J20: =COUNTIF(P20:AS20,"cex") -> 0 | K20: =COUNTIF(P20:AS20,"res") -> 0 | L20: =COUNTIF(P20:AS20,"mA") -> 0 | M20: =COUNTIF(P20:AS20,"at") -> 0 | N20: =COUNTIF(P20:AS20,"TAD") -> 0 | O20: =COUNTIF(P20:AS20,"TP") -> 0
A21: =IFERROR(IF(config!E13="","",config!E13),"") -> MAINTENANCE
A22: =IFERROR(IF(config!E14="","",config!E14),"") -> SURVEILLANT DE TRAVAUX
A23: =IFERROR(IF(config!E15="","",config!E15),"") -> C004587 | B23: =IFERROR(IF(config!F15="","",config!F15),"") -> BOURGOIN | C23: =IFERROR(IF(config!G15="","",config!G15),"") -> Jean-Baptiste | D23: =COUNTIF(P23:AS23,"p") -> 0 | E23: =COUNTIF(P23:AS23,"PC") -> 0 | F23: =COUNTIF(P23:AS23,"f") -> 0 | G23: =COUNTIF(P23:AS23,"ast") -> 0 | H23: =COUNTIF(P23:AS23,"cA") -> 0 | I23: =COUNTIF(P23:AS23,"rtt") -> 0 | J23: =COUNTIF(P23:AS23,"cex") -> 0 | K23: =COUNTIF(P23:AS23,"res") -> 0 | L23: =COUNTIF(P23:AS23,"mA") -> 0 | M23: =COUNTIF(P23:AS23,"at") -> 0 | N23: =COUNTIF(P23:AS23,"TAD") -> 0 | O23: =COUNTIF(P23:AS23,"TP") -> 0
A24: =IFERROR(IF(config!E16="","",config!E16),"") -> N02645 | B24: =IFERROR(IF(config!F16="","",config!F16),"") -> MERCADIEU | C24: =IFERROR(IF(config!G16="","",config!G16),"") -> Baptiste | D24: =COUNTIF(P24:AS24,"p") -> 0 | E24: =COUNTIF(P24:AS24,"PC") -> 0 | F24: =COUNTIF(P24:AS24,"f") -> 0 | G24: =COUNTIF(P24:AS24,"ast") -> 0 | H24: =COUNTIF(P24:AS24,"cA") -> 0 | I24: =COUNTIF(P24:AS24,"rtt") -> 0 | J24: =COUNTIF(P24:AS24,"cex") -> 0 | K24: =COUNTIF(P24:AS24,"res") -> 0 | L24: =COUNTIF(P24:AS24,"mA") -> 0 | M24: =COUNTIF(P24:AS24,"at") -> 0 | N24: =COUNTIF(P24:AS24,"TAD") -> 0 | O24: =COUNTIF(P24:AS24,"TP") -> 0
A25: =IFERROR(IF(config!E17="","",config!E17),"") -> ASDP
A26: =IFERROR(IF(config!E18="","",config!E18),"") -> C004845 | B26: =IFERROR(IF(config!F18="","",config!F18),"") -> GARCIA | C26: =IFERROR(IF(config!G18="","",config!G18),"") -> Yoan | D26: =COUNTIF(P26:AS26,"p") -> 0 | E26: =COUNTIF(P26:AS26,"PC") -> 0 | F26: =COUNTIF(P26:AS26,"f") -> 0 | G26: =COUNTIF(P26:AS26,"ast") -> 0 | H26: =COUNTIF(P26:AS26,"cA") -> 0 | I26: =COUNTIF(P26:AS26,"rtt") -> 0 | J26: =COUNTIF(P26:AS26,"cex") -> 0 | K26: =COUNTIF(P26:AS26,"res") -> 0 | L26: =COUNTIF(P26:AS26,"mA") -> 0 | M26: =COUNTIF(P26:AS26,"at") -> 0 | N26: =COUNTIF(P26:AS26,"TAD") -> 0 | O26: =COUNTIF(P26:AS26,"TP") -> 0
A27: =IFERROR(IF(config!E19="","",config!E19),"") -> C005015 | B27: =IFERROR(IF(config!F19="","",config!F19),"") -> LARROUDE | C27: =IFERROR(IF(config!G19="","",config!G19),"") -> Christophe | D27: =COUNTIF(P27:AS27,"p") -> 0 | E27: =COUNTIF(P27:AS27,"PC") -> 0 | F27: =COUNTIF(P27:AS27,"f") -> 0 | G27: =COUNTIF(P27:AS27,"ast") -> 0 | H27: =COUNTIF(P27:AS27,"cA") -> 0 | I27: =COUNTIF(P27:AS27,"rtt") -> 0 | J27: =COUNTIF(P27:AS27,"cex") -> 0 | K27: =COUNTIF(P27:AS27,"res") -> 0 | L27: =COUNTIF(P27:AS27,"mA") -> 0 | M27: =COUNTIF(P27:AS27,"at") -> 0 | N27: =COUNTIF(P27:AS27,"TAD") -> 0 | O27: =COUNTIF(P27:AS27,"TP") -> 0
A28: =IFERROR(IF(config!E20="","",config!E20),"") -> N020065 | B28: =IFERROR(IF(config!F20="","",config!F20),"") -> SAMITIER | C28: =IFERROR(IF(config!G20="","",config!G20),"") -> Beatrice | D28: =COUNTIF(P28:AS28,"p") -> 0 | E28: =COUNTIF(P28:AS28,"PC") -> 0 | F28: =COUNTIF(P28:AS28,"f") -> 0 | G28: =COUNTIF(P28:AS28,"ast") -> 0 | H28: =COUNTIF(P28:AS28,"cA") -> 0 | I28: =COUNTIF(P28:AS28,"rtt") -> 0 | J28: =COUNTIF(P28:AS28,"cex") -> 0 | K28: =COUNTIF(P28:AS28,"res") -> 0 | L28: =COUNTIF(P28:AS28,"mA") -> 0 | M28: =COUNTIF(P28:AS28,"at") -> 0 | N28: =COUNTIF(P28:AS28,"TAD") -> 0 | O28: =COUNTIF(P28:AS28,"TP") -> 0
A29: =IFERROR(IF(config!E21="","",config!E21),"") -> C005216 | B29: =IFERROR(IF(config!F21="","",config!F21),"") -> PIEL | C29: =IFERROR(IF(config!G21="","",config!G21),"") -> Frédy | D29: =COUNTIF(P29:AS29,"p") -> 0 | E29: =COUNTIF(P29:AS29,"PC") -> 0 | F29: =COUNTIF(P29:AS29,"f") -> 0 | G29: =COUNTIF(P29:AS29,"ast") -> 0 | H29: =COUNTIF(P29:AS29,"cA") -> 0 | I29: =COUNTIF(P29:AS29,"rtt") -> 0 | J29: =COUNTIF(P29:AS29,"cex") -> 0 | K29: =COUNTIF(P29:AS29,"res") -> 0 | L29: =COUNTIF(P29:AS29,"mA") -> 0 | M29: =COUNTIF(P29:AS29,"at") -> 0 | N29: =COUNTIF(P29:AS29,"TAD") -> 0 | O29: =COUNTIF(P29:AS29,"TP") -> 0
A30: =IFERROR(IF(config!E22="","",config!E22),"") -> PROPRETE
A31: =IFERROR(IF(config!E23="","",config!E23),"") -> JN020502 | B31: =IFERROR(IF(config!F23="","",config!F23),"") -> GOURVIAT | C31: =IFERROR(IF(config!G23="","",config!G23),"") -> Annabelle | D31: =COUNTIF(P31:AS31,"p") -> 0 | E31: =COUNTIF(P31:AS31,"PC") -> 0 | F31: =COUNTIF(P31:AS31,"f") -> 0 | G31: =COUNTIF(P31:AS31,"ast") -> 0 | H31: =COUNTIF(P31:AS31,"cA") -> 0 | I31: =COUNTIF(P31:AS31,"rtt") -> 0 | J31: =COUNTIF(P31:AS31,"cex") -> 0 | K31: =COUNTIF(P31:AS31,"res") -> 0 | L31: =COUNTIF(P31:AS31,"mA") -> 0 | M31: =COUNTIF(P31:AS31,"at") -> 0 | N31: =COUNTIF(P31:AS31,"TAD") -> 0 | O31: =COUNTIF(P31:AS31,"TP") -> 0
A32: =IFERROR(IF(config!E24="","",config!E24),"") -> JT032516 | B32: =IFERROR(IF(config!F24="","",config!F24),"") -> LARTIGUE | C32: =IFERROR(IF(config!G24="","",config!G24),"") -> Laura | D32: =COUNTIF(P32:AS32,"p") -> 0 | E32: =COUNTIF(P32:AS32,"PC") -> 0 | F32: =COUNTIF(P32:AS32,"f") -> 0 | G32: =COUNTIF(P32:AS32,"ast") -> 0 | H32: =COUNTIF(P32:AS32,"cA") -> 0 | I32: =COUNTIF(P32:AS32,"rtt") -> 0 | J32: =COUNTIF(P32:AS32,"cex") -> 0 | K32: =COUNTIF(P32:AS32,"res") -> 0 | L32: =COUNTIF(P32:AS32,"mA") -> 0 | M32: =COUNTIF(P32:AS32,"at") -> 0 | N32: =COUNTIF(P32:AS32,"TAD") -> 0 | O32: =COUNTIF(P32:AS32,"TP") -> 0
A33: =IFERROR(IF(config!E25="","",config!E25),"") -> JN010897 | B33: =IFERROR(IF(config!F25="","",config!F25),"") -> TRIQUENEAUX | C33: =IFERROR(IF(config!G25="","",config!G25),"") -> Benoit | D33: =COUNTIF(P33:AS33,"p") -> 0 | E33: =COUNTIF(P33:AS33,"PC") -> 0 | F33: =COUNTIF(P33:AS33,"f") -> 0 | G33: =COUNTIF(P33:AS33,"ast") -> 0 | H33: =COUNTIF(P33:AS33,"cA") -> 0 | I33: =COUNTIF(P33:AS33,"rtt") -> 0 | J33: =COUNTIF(P33:AS33,"cex") -> 0 | K33: =COUNTIF(P33:AS33,"res") -> 0 | L33: =COUNTIF(P33:AS33,"mA") -> 0 | M33: =COUNTIF(P33:AS33,"at") -> 0 | N33: =COUNTIF(P33:AS33,"TAD") -> 0 | O33: =COUNTIF(P33:AS33,"TP") -> 0
A34: =IFERROR(IF(config!E26="","",config!E26),"") -> JN010381 | B34: =IFERROR(IF(config!F26="","",config!F26),"") -> ESPERON | C34: =IFERROR(IF(config!G26="","",config!G26),"") -> Alain | D34: =COUNTIF(P34:AS34,"p") -> 0 | E34: =COUNTIF(P34:AS34,"PC") -> 0 | F34: =COUNTIF(P34:AS34,"f") -> 0 | G34: =COUNTIF(P34:AS34,"ast") -> 0 | H34: =COUNTIF(P34:AS34,"cA") -> 0 | I34: =COUNTIF(P34:AS34,"rtt") -> 0 | J34: =COUNTIF(P34:AS34,"cex") -> 0 | K34: =COUNTIF(P34:AS34,"res") -> 0 | L34: =COUNTIF(P34:AS34,"mA") -> 0 | M34: =COUNTIF(P34:AS34,"at") -> 0 | N34: =COUNTIF(P34:AS34,"TAD") -> 0 | O34: =COUNTIF(P34:AS34,"TP") -> 0
A35: =IFERROR(IF(config!E27="","",config!E27),"") -> JN010750 | B35: =IFERROR(IF(config!F27="","",config!F27),"") -> ROUGLAN | C35: =IFERROR(IF(config!G27="","",config!G27),"") -> William | D35: =COUNTIF(P35:AS35,"p") -> 0 | E35: =COUNTIF(P35:AS35,"PC") -> 0 | F35: =COUNTIF(P35:AS35,"f") -> 0 | G35: =COUNTIF(P35:AS35,"ast") -> 0 | H35: =COUNTIF(P35:AS35,"cA") -> 0 | I35: =COUNTIF(P35:AS35,"rtt") -> 0 | J35: =COUNTIF(P35:AS35,"cex") -> 0 | K35: =COUNTIF(P35:AS35,"res") -> 0 | L35: =COUNTIF(P35:AS35,"mA") -> 0 | M35: =COUNTIF(P35:AS35,"at") -> 0 | N35: =COUNTIF(P35:AS35,"TAD") -> 0 | O35: =COUNTIF(P35:AS35,"TP") -> 0
A36: =IFERROR(IF(config!E28="","",config!E28),"") -> JN010461 | B36: =IFERROR(IF(config!F28="","",config!F28),"") -> NOURRI | C36: =IFERROR(IF(config!G28="","",config!G28),"") -> Danny | D36: =COUNTIF(P36:AS36,"p") -> 0 | E36: =COUNTIF(P36:AS36,"PC") -> 0 | F36: =COUNTIF(P36:AS36,"f") -> 0 | G36: =COUNTIF(P36:AS36,"ast") -> 0 | H36: =COUNTIF(P36:AS36,"cA") -> 0 | I36: =COUNTIF(P36:AS36,"rtt") -> 0 | J36: =COUNTIF(P36:AS36,"cex") -> 0 | K36: =COUNTIF(P36:AS36,"res") -> 0 | L36: =COUNTIF(P36:AS36,"mA") -> 0 | M36: =COUNTIF(P36:AS36,"at") -> 0 | N36: =COUNTIF(P36:AS36,"TAD") -> 0 | O36: =COUNTIF(P36:AS36,"TP") -> 0
A37: =IFERROR(IF(config!E29="","",config!E29),"") -> REGIE
A38: =IFERROR(IF(config!E30="","",config!E30),"") -> AGENTS VOIRIE | AV38: VOIRIE
A39: =IFERROR(IF(config!E31="","",config!E31),"") -> JT028103 | B39: =IFERROR(IF(config!F31="","",config!F31),"") -> BERRIO-GAUDNER | C39: =IFERROR(IF(config!G31="","",config!G31),"") -> Jacques | D39: =COUNTIF(P39:AS39,"p") -> 0 | E39: =COUNTIF(P39:AS39,"PC") -> 0 | F39: =COUNTIF(P39:AS39,"f") -> 0 | G39: =COUNTIF(P39:AS39,"ast") -> 0 | H39: =COUNTIF(P39:AS39,"cA") -> 0 | I39: =COUNTIF(P39:AS39,"rtt") -> 0 | J39: =COUNTIF(P39:AS39,"cex") -> 0 | K39: =COUNTIF(P39:AS39,"res") -> 0 | L39: =COUNTIF(P39:AS39,"mA") -> 0 | M39: =COUNTIF(P39:AS39,"at") -> 0 | N39: =COUNTIF(P39:AS39,"TAD") -> 0 | O39: =COUNTIF(P39:AS39,"TP") -> 0 | AV39: P | AW39: PC | AX39: F | AY39: AST | AZ39: CA | BA39: RTT | BB39: CEX | BC39: R | BD39: M | BE39: AT | BF39: TP
A40: =IFERROR(IF(config!E32="","",config!E32),"") -> C002908 | B40: =IFERROR(IF(config!F32="","",config!F32),"") -> FONTENEAU | C40: =IFERROR(IF(config!G32="","",config!G32),"") -> Fabrice | D40: =COUNTIF(P40:AS40,"p") -> 0 | E40: =COUNTIF(P40:AS40,"PC") -> 0 | F40: =COUNTIF(P40:AS40,"f") -> 0 | G40: =COUNTIF(P40:AS40,"ast") -> 0 | H40: =COUNTIF(P40:AS40,"cA") -> 0 | I40: =COUNTIF(P40:AS40,"rtt") -> 0 | J40: =COUNTIF(P40:AS40,"cex") -> 0 | K40: =COUNTIF(P40:AS40,"res") -> 0 | L40: =COUNTIF(P40:AS40,"mA") -> 0 | M40: =COUNTIF(P40:AS40,"at") -> 0 | N40: =COUNTIF(P40:AS40,"TAD") -> 0 | O40: =COUNTIF(P40:AS40,"TP") -> 0 | AV40: =COUNTIF(P39:AS49,"p") -> 0 | AW40: =COUNTIF(P39:AS49,"pc") -> 0 | AX40: =COUNTIF(P39:AS49,"f") -> 0 | AY40: =COUNTIF(P39:AS49,"ast") -> 0 | AZ40: =COUNTIF(P39:AS49,"cA") -> 0 | BA40: =COUNTIF(P39:AS49,"rtt") -> 0 | BB40: =COUNTIF(P39:AS49,"cex") -> 0 | BC40: =COUNTIF(P39:AS49,"RES") -> 0 | BD40: =COUNTIF(P39:AS49,"MA") -> 0 | BE40: =COUNTIF(P39:AS49,"at") -> 30 | BF40: =COUNTIF(P39:AS49,"TP") -> 0
A41: =IFERROR(IF(config!E33="","",config!E33),"") -> C004504 | B41: =IFERROR(IF(config!F33="","",config!F33),"") -> GUIJARRO | C41: =IFERROR(IF(config!G33="","",config!G33),"") -> Juan-Pédro | D41: =COUNTIF(P41:AS41,"p") -> 0 | E41: =COUNTIF(P41:AS41,"PC") -> 0 | F41: =COUNTIF(P41:AS41,"f") -> 0 | G41: =COUNTIF(P41:AS41,"ast") -> 0 | H41: =COUNTIF(P41:AS41,"cA") -> 0 | I41: =COUNTIF(P41:AS41,"rtt") -> 0 | J41: =COUNTIF(P41:AS41,"cex") -> 0 | K41: =COUNTIF(P41:AS41,"res") -> 0 | L41: =COUNTIF(P41:AS41,"mA") -> 0 | M41: =COUNTIF(P41:AS41,"at") -> 0 | N41: =COUNTIF(P41:AS41,"TAD") -> 0 | O41: =COUNTIF(P41:AS41,"TP") -> 0
A42: =IFERROR(IF(config!E34="","",config!E34),"") -> T028198 | B42: =IFERROR(IF(config!F34="","",config!F34),"") -> GOUREAU | C42: =IFERROR(IF(config!G34="","",config!G34),"") -> Jonathan | D42: =COUNTIF(P42:AS42,"p") -> 0 | E42: =COUNTIF(P42:AS42,"PC") -> 0 | F42: =COUNTIF(P42:AS42,"f") -> 0 | G42: =COUNTIF(P42:AS42,"ast") -> 0 | H42: =COUNTIF(P42:AS42,"cA") -> 0 | I42: =COUNTIF(P42:AS42,"rtt") -> 0 | J42: =COUNTIF(P42:AS42,"cex") -> 0 | K42: =COUNTIF(P42:AS42,"res") -> 0 | L42: =COUNTIF(P42:AS42,"mA") -> 0 | M42: =COUNTIF(P42:AS42,"at") -> 0 | N42: =COUNTIF(P42:AS42,"TAD") -> 0 | O42: =COUNTIF(P42:AS42,"TP") -> 0
A43: =IFERROR(IF(config!E35="","",config!E35),"") -> C002986 | B43: =IFERROR(IF(config!F35="","",config!F35),"") -> LABORIE | C43: =IFERROR(IF(config!G35="","",config!G35),"") -> Jean-Louis | D43: =COUNTIF(P43:AS43,"p") -> 0 | E43: =COUNTIF(P43:AS43,"PC") -> 0 | F43: =COUNTIF(P43:AS43,"f") -> 0 | G43: =COUNTIF(P43:AS43,"ast") -> 0 | H43: =COUNTIF(P43:AS43,"cA") -> 0 | I43: =COUNTIF(P43:AS43,"rtt") -> 0 | J43: =COUNTIF(P43:AS43,"cex") -> 0 | K43: =COUNTIF(P43:AS43,"res") -> 0 | L43: =COUNTIF(P43:AS43,"mA") -> 0 | M43: =COUNTIF(P43:AS43,"at") -> 0 | N43: =COUNTIF(P43:AS43,"TAD") -> 0 | O43: =COUNTIF(P43:AS43,"TP") -> 0
A44: =IFERROR(IF(config!E36="","",config!E36),"") -> C007317 | B44: =IFERROR(IF(config!F36="","",config!F36),"") -> LARRIEU | C44: =IFERROR(IF(config!G36="","",config!G36),"") -> Cédric | D44: =COUNTIF(P44:AS44,"p") -> 0 | E44: =COUNTIF(P44:AS44,"PC") -> 0 | F44: =COUNTIF(P44:AS44,"f") -> 0 | G44: =COUNTIF(P44:AS44,"ast") -> 0 | H44: =COUNTIF(P44:AS44,"cA") -> 0 | I44: =COUNTIF(P44:AS44,"rtt") -> 0 | J44: =COUNTIF(P44:AS44,"cex") -> 0 | K44: =COUNTIF(P44:AS44,"res") -> 0 | L44: =COUNTIF(P44:AS44,"mA") -> 0 | M44: =COUNTIF(P44:AS44,"at") -> 0 | N44: =COUNTIF(P44:AS44,"TAD") -> 0 | O44: =COUNTIF(P44:AS44,"TP") -> 0
A45: =IFERROR(IF(config!E37="","",config!E37),"") -> C004309 | B45: =IFERROR(IF(config!F37="","",config!F37),"") -> LEVIGNAT | C45: =IFERROR(IF(config!G37="","",config!G37),"") -> Didier | D45: =COUNTIF(P45:AS45,"p") -> 0 | E45: =COUNTIF(P45:AS45,"PC") -> 0 | F45: =COUNTIF(P45:AS45,"f") -> 0 | G45: =COUNTIF(P45:AS45,"ast") -> 0 | H45: =COUNTIF(P45:AS45,"cA") -> 0 | I45: =COUNTIF(P45:AS45,"rtt") -> 0 | J45: =COUNTIF(P45:AS45,"cex") -> 0 | K45: =COUNTIF(P45:AS45,"res") -> 0 | L45: =COUNTIF(P45:AS45,"mA") -> 0 | M45: =COUNTIF(P45:AS45,"at") -> 30 | N45: =COUNTIF(P45:AS45,"TAD") -> 0 | O45: =COUNTIF(P45:AS45,"TP") -> 0 | P45: AT | Q45: AT | R45: AT | S45: AT | T45: AT | U45: AT | V45: AT | W45: AT | X45: AT | Y45: AT | Z45: AT | AA45: AT | AB45: AT | AC45: AT | AD45: AT | AE45: AT | AF45: AT | AG45: AT | AH45: AT | AI45: AT | AJ45: AT | AK45: AT | AL45: AT | AM45: AT | AN45: AT | AO45: AT | AP45: AT | AQ45: AT | AR45: AT | AS45: AT | AT45: AT
A46: =IFERROR(IF(config!E38="","",config!E38),"") -> C005624 | B46: =IFERROR(IF(config!F38="","",config!F38),"") -> MARTIN-HERNANDEZ | C46: =IFERROR(IF(config!G38="","",config!G38),"") -> Pierre | D46: =COUNTIF(P46:AS46,"p") -> 0 | E46: =COUNTIF(P46:AS46,"PC") -> 0 | F46: =COUNTIF(P46:AS46,"f") -> 0 | G46: =COUNTIF(P46:AS46,"ast") -> 0 | H46: =COUNTIF(P46:AS46,"cA") -> 0 | I46: =COUNTIF(P46:AS46,"rtt") -> 0 | J46: =COUNTIF(P46:AS46,"cex") -> 0 | K46: =COUNTIF(P46:AS46,"res") -> 0 | L46: =COUNTIF(P46:AS46,"mA") -> 0 | M46: =COUNTIF(P46:AS46,"at") -> 0 | N46: =COUNTIF(P46:AS46,"TAD") -> 0 | O46: =COUNTIF(P46:AS46,"TP") -> 0
A47: =IFERROR(IF(config!E39="","",config!E39),"") -> C007758 | B47: =IFERROR(IF(config!F39="","",config!F39),"") -> PIERRE | C47: =IFERROR(IF(config!G39="","",config!G39),"") -> Frantzy | D47: =COUNTIF(P47:AS47,"p") -> 0 | E47: =COUNTIF(P47:AS47,"PC") -> 0 | F47: =COUNTIF(P47:AS47,"f") -> 0 | G47: =COUNTIF(P47:AS47,"ast") -> 0 | H47: =COUNTIF(P47:AS47,"cA") -> 0 | I47: =COUNTIF(P47:AS47,"rtt") -> 0 | J47: =COUNTIF(P47:AS47,"cex") -> 0 | K47: =COUNTIF(P47:AS47,"res") -> 0 | L47: =COUNTIF(P47:AS47,"mA") -> 0 | M47: =COUNTIF(P47:AS47,"at") -> 0 | N47: =COUNTIF(P47:AS47,"TAD") -> 0 | O47: =COUNTIF(P47:AS47,"TP") -> 0
A48: =IFERROR(IF(config!E40="","",config!E40),"") -> C004609 | B48: =IFERROR(IF(config!F40="","",config!F40),"") -> SOLA | C48: =IFERROR(IF(config!G40="","",config!G40),"") -> Xavier | D48: =COUNTIF(P48:AS48,"p") -> 0 | E48: =COUNTIF(P48:AS48,"PC") -> 0 | F48: =COUNTIF(P48:AS48,"f") -> 0 | G48: =COUNTIF(P48:AS48,"ast") -> 0 | H48: =COUNTIF(P48:AS48,"cA") -> 0 | I48: =COUNTIF(P48:AS48,"rtt") -> 0 | J48: =COUNTIF(P48:AS48,"cex") -> 0 | K48: =COUNTIF(P48:AS48,"res") -> 0 | L48: =COUNTIF(P48:AS48,"mA") -> 0 | M48: =COUNTIF(P48:AS48,"at") -> 0 | N48: =COUNTIF(P48:AS48,"TAD") -> 0 | O48: =COUNTIF(P48:AS48,"TP") -> 0
A49: =IFERROR(IF(config!E41="","",config!E41),"") -> T029734 | B49: =IFERROR(IF(config!F41="","",config!F41),"") -> WEISS | C49: =IFERROR(IF(config!G41="","",config!G41),"") -> Miguel | D49: =COUNTIF(P49:AS49,"p") -> 0 | E49: =COUNTIF(P49:AS49,"PC") -> 0 | F49: =COUNTIF(P49:AS49,"f") -> 0 | G49: =COUNTIF(P49:AS49,"ast") -> 0 | H49: =COUNTIF(P49:AS49,"cA") -> 0 | I49: =COUNTIF(P49:AS49,"rtt") -> 0 | J49: =COUNTIF(P49:AS49,"cex") -> 0 | K49: =COUNTIF(P49:AS49,"res") -> 0 | L49: =COUNTIF(P49:AS49,"mA") -> 0 | M49: =COUNTIF(P49:AS49,"at") -> 0 | N49: =COUNTIF(P49:AS49,"TAD") -> 0 | O49: =COUNTIF(P49:AS49,"TP") -> 0
A50: =IFERROR(IF(config!E42="","",config!E42),"") | AV50: ESPACES VERTS
A51: =IFERROR(IF(config!E43="","",config!E43),"") -> AGENTS ESPACES VERTS | B51: =IFERROR(IF(config!F43="","",config!F43),"") | C51: =IFERROR(IF(config!G43="","",config!G43),"") | D51: =COUNTIF(P51:AS51,"p") -> 0 | E51: =COUNTIF(P51:AS51,"PC") -> 0 | F51: =COUNTIF(P51:AS51,"f") -> 0 | G51: =COUNTIF(P51:AS51,"ast") -> 0 | H51: =COUNTIF(P51:AS51,"cA") -> 0 | I51: =COUNTIF(P51:AS51,"rtt") -> 0 | J51: =COUNTIF(P51:AS51,"cex") -> 0 | K51: =COUNTIF(P51:AS51,"res") -> 0 | L51: =COUNTIF(P51:AS51,"mA") -> 0 | M51: =COUNTIF(P51:AS51,"at") -> 0 | N51: =COUNTIF(P51:AS51,"TAD") -> 0 | O51: =COUNTIF(P51:AS51,"TP") -> 0 | AV51: P | AW51: PC | AX51: F | AY51: AST | AZ51: CA | BA51: RTT | BB51: CEX | BC51: R | BD51: M | BE51: AT | BF51: TP
A52: =IFERROR(IF(config!E44="","",config!E44),"") -> N018514 | B52: =IFERROR(IF(config!F44="","",config!F44),"") -> DELANDE | C52: =IFERROR(IF(config!G44="","",config!G44),"") -> Romain | D52: =COUNTIF(P52:AS52,"p") -> 0 | E52: =COUNTIF(P52:AS52,"PC") -> 0 | F52: =COUNTIF(P52:AS52,"f") -> 0 | G52: =COUNTIF(P52:AS52,"ast") -> 0 | H52: =COUNTIF(P52:AS52,"cA") -> 0 | I52: =COUNTIF(P52:AS52,"rtt") -> 0 | J52: =COUNTIF(P52:AS52,"cex") -> 0 | K52: =COUNTIF(P52:AS52,"res") -> 0 | L52: =COUNTIF(P52:AS52,"mA") -> 0 | M52: =COUNTIF(P52:AS52,"at") -> 0 | N52: =COUNTIF(P52:AS52,"TAD") -> 0 | O52: =COUNTIF(P52:AS52,"TP") -> 0 | AV52: =COUNTIF(P51:AS62,"P") -> 0 | AW52: =COUNTIF(P51:AS62,"PC") -> 0 | AX52: =COUNTIF(P51:AS62,"F") -> 0 | AY52: =COUNTIF(P51:AS62,"AST") -> 0 | AZ52: =COUNTIF(P51:AS62,"CA") -> 0 | BA52: =COUNTIF(P51:AS62,"RTT") -> 0 | BB52: =COUNTIF(P51:AS62,"CEX") -> 0 | BC52: =COUNTIF(P51:AS62,"RES") -> 0 | BD52: =COUNTIF(P51:AS62,"MA") -> 0 | BE52: =COUNTIF(P51:AS62,"AT") -> 0 | BF52: =COUNTIF(P51:AS62,"TP") -> 0
A53: =IFERROR(IF(config!E45="","",config!E45),"") -> T029231 | B53: =IFERROR(IF(config!F45="","",config!F45),"") -> DA SILVA REIS | C53: =IFERROR(IF(config!G45="","",config!G45),"") -> Alexandra | D53: =COUNTIF(P53:AS53,"p") -> 0 | E53: =COUNTIF(P53:AS53,"PC") -> 0 | F53: =COUNTIF(P53:AS53,"f") -> 0 | G53: =COUNTIF(P53:AS53,"ast") -> 0 | H53: =COUNTIF(P53:AS53,"cA") -> 0 | I53: =COUNTIF(P53:AS53,"rtt") -> 0 | J53: =COUNTIF(P53:AS53,"cex") -> 0 | K53: =COUNTIF(P53:AS53,"res") -> 0 | L53: =COUNTIF(P53:AS53,"mA") -> 0 | M53: =COUNTIF(P53:AS53,"at") -> 0 | N53: =COUNTIF(P53:AS53,"TAD") -> 0 | O53: =COUNTIF(P53:AS53,"TP") -> 0
A54: =IFERROR(IF(config!E46="","",config!E46),"") -> N011181 | B54: =IFERROR(IF(config!F46="","",config!F46),"") -> ELMAGROUD | C54: =IFERROR(IF(config!G46="","",config!G46),"") -> Sofiane | D54: =COUNTIF(P54:AS54,"p") -> 0 | E54: =COUNTIF(P54:AS54,"PC") -> 0 | F54: =COUNTIF(P54:AS54,"f") -> 0 | G54: =COUNTIF(P54:AS54,"ast") -> 0 | H54: =COUNTIF(P54:AS54,"cA") -> 0 | I54: =COUNTIF(P54:AS54,"rtt") -> 0 | J54: =COUNTIF(P54:AS54,"cex") -> 0 | K54: =COUNTIF(P54:AS54,"res") -> 0 | L54: =COUNTIF(P54:AS54,"mA") -> 0 | M54: =COUNTIF(P54:AS54,"at") -> 0 | N54: =COUNTIF(P54:AS54,"TAD") -> 0 | O54: =COUNTIF(P54:AS54,"TP") -> 0
A55: =IFERROR(IF(config!E47="","",config!E47),"") -> C004163 | B55: =IFERROR(IF(config!F47="","",config!F47),"") -> ESTEVE | C55: =IFERROR(IF(config!G47="","",config!G47),"") -> Thierry | D55: =COUNTIF(P55:AS55,"p") -> 0 | E55: =COUNTIF(P55:AS55,"PC") -> 0 | F55: =COUNTIF(P55:AS55,"f") -> 0 | G55: =COUNTIF(P55:AS55,"ast") -> 0 | H55: =COUNTIF(P55:AS55,"cA") -> 0 | I55: =COUNTIF(P55:AS55,"rtt") -> 0 | J55: =COUNTIF(P55:AS55,"cex") -> 0 | K55: =COUNTIF(P55:AS55,"res") -> 0 | L55: =COUNTIF(P55:AS55,"mA") -> 0 | M55: =COUNTIF(P55:AS55,"at") -> 0 | N55: =COUNTIF(P55:AS55,"TAD") -> 0 | O55: =COUNTIF(P55:AS55,"TP") -> 0
A56: =IFERROR(IF(config!E48="","",config!E48),"") -> C006428 | B56: =IFERROR(IF(config!F48="","",config!F48),"") -> KADRI | C56: =IFERROR(IF(config!G48="","",config!G48),"") -> Houssine | D56: =COUNTIF(P56:AS56,"p") -> 0 | E56: =COUNTIF(P56:AS56,"PC") -> 0 | F56: =COUNTIF(P56:AS56,"f") -> 0 | G56: =COUNTIF(P56:AS56,"ast") -> 0 | H56: =COUNTIF(P56:AS56,"cA") -> 0 | I56: =COUNTIF(P56:AS56,"rtt") -> 0 | J56: =COUNTIF(P56:AS56,"cex") -> 0 | K56: =COUNTIF(P56:AS56,"res") -> 0 | L56: =COUNTIF(P56:AS56,"mA") -> 0 | M56: =COUNTIF(P56:AS56,"at") -> 0 | N56: =COUNTIF(P56:AS56,"TAD") -> 0 | O56: =COUNTIF(P56:AS56,"TP") -> 0
A57: =IFERROR(IF(config!E49="","",config!E49),"") -> N023455 | B57: =IFERROR(IF(config!F49="","",config!F49),"") -> MALLET | C57: =IFERROR(IF(config!G49="","",config!G49),"") -> Ludovic | D57: =COUNTIF(P57:AS57,"p") -> 0 | E57: =COUNTIF(P57:AS57,"PC") -> 0 | F57: =COUNTIF(P57:AS57,"f") -> 0 | G57: =COUNTIF(P57:AS57,"ast") -> 0 | H57: =COUNTIF(P57:AS57,"cA") -> 0 | I57: =COUNTIF(P57:AS57,"rtt") -> 0 | J57: =COUNTIF(P57:AS57,"cex") -> 0 | K57: =COUNTIF(P57:AS57,"res") -> 0 | L57: =COUNTIF(P57:AS57,"mA") -> 0 | M57: =COUNTIF(P57:AS57,"at") -> 0 | N57: =COUNTIF(P57:AS57,"TAD") -> 0 | O57: =COUNTIF(P57:AS57,"TP") -> 0
A58: =IFERROR(IF(config!E50="","",config!E50),"") -> C007461 | B58: =IFERROR(IF(config!F50="","",config!F50),"") -> MAURY | C58: =IFERROR(IF(config!G50="","",config!G50),"") -> Xavier | D58: =COUNTIF(P58:AS58,"p") -> 0 | E58: =COUNTIF(P58:AS58,"PC") -> 0 | F58: =COUNTIF(P58:AS58,"f") -> 0 | G58: =COUNTIF(P58:AS58,"ast") -> 0 | H58: =COUNTIF(P58:AS58,"cA") -> 0 | I58: =COUNTIF(P58:AS58,"rtt") -> 0 | J58: =COUNTIF(P58:AS58,"cex") -> 0 | K58: =COUNTIF(P58:AS58,"res") -> 0 | L58: =COUNTIF(P58:AS58,"mA") -> 0 | M58: =COUNTIF(P58:AS58,"at") -> 0 | N58: =COUNTIF(P58:AS58,"TAD") -> 0 | O58: =COUNTIF(P58:AS58,"TP") -> 0
A59: =IFERROR(IF(config!E51="","",config!E51),"") -> T030790 | B59: =IFERROR(IF(config!F51="","",config!F51),"") -> MOINGT | C59: =IFERROR(IF(config!G51="","",config!G51),"") -> Joffrey | D59: =COUNTIF(P59:AS59,"p") -> 0 | E59: =COUNTIF(P59:AS59,"PC") -> 0 | F59: =COUNTIF(P59:AS59,"f") -> 0 | G59: =COUNTIF(P59:AS59,"ast") -> 0 | H59: =COUNTIF(P59:AS59,"cA") -> 0 | I59: =COUNTIF(P59:AS59,"rtt") -> 0 | J59: =COUNTIF(P59:AS59,"cex") -> 0 | K59: =COUNTIF(P59:AS59,"res") -> 0 | L59: =COUNTIF(P59:AS59,"mA") -> 0 | M59: =COUNTIF(P59:AS59,"at") -> 0 | N59: =COUNTIF(P59:AS59,"TAD") -> 0 | O59: =COUNTIF(P59:AS59,"TP") -> 0
A60: =IFERROR(IF(config!E52="","",config!E52),"") -> T030619 | B60: =IFERROR(IF(config!F52="","",config!F52),"") -> REY | C60: =IFERROR(IF(config!G52="","",config!G52),"") -> Adrien | D60: =COUNTIF(P60:AS60,"p") -> 0 | E60: =COUNTIF(P60:AS60,"PC") -> 0 | F60: =COUNTIF(P60:AS60,"f") -> 0 | G60: =COUNTIF(P60:AS60,"ast") -> 0 | H60: =COUNTIF(P60:AS60,"cA") -> 0 | I60: =COUNTIF(P60:AS60,"rtt") -> 0 | J60: =COUNTIF(P60:AS60,"cex") -> 0 | K60: =COUNTIF(P60:AS60,"res") -> 0 | L60: =COUNTIF(P60:AS60,"mA") -> 0 | M60: =COUNTIF(P60:AS60,"at") -> 0 | N60: =COUNTIF(P60:AS60,"TAD") -> 0 | O60: =COUNTIF(P60:AS60,"TP") -> 0
A61: =IFERROR(IF(config!E53="","",config!E53),"") -> N019681 | B61: =IFERROR(IF(config!F53="","",config!F53),"") -> TADJROUNA | C61: =IFERROR(IF(config!G53="","",config!G53),"") -> Mohamed | D61: =COUNTIF(P61:AS61,"p") -> 0 | E61: =COUNTIF(P61:AS61,"PC") -> 0 | F61: =COUNTIF(P61:AS61,"f") -> 0 | G61: =COUNTIF(P61:AS61,"ast") -> 0 | H61: =COUNTIF(P61:AS61,"cA") -> 0 | I61: =COUNTIF(P61:AS61,"rtt") -> 0 | J61: =COUNTIF(P61:AS61,"cex") -> 0 | K61: =COUNTIF(P61:AS61,"res") -> 0 | L61: =COUNTIF(P61:AS61,"mA") -> 0 | M61: =COUNTIF(P61:AS61,"at") -> 0 | N61: =COUNTIF(P61:AS61,"TAD") -> 0 | O61: =COUNTIF(P61:AS61,"TP") -> 0
D62: =COUNTIF(P62:AS62,"p") -> 0 | E62: =COUNTIF(P62:AS62,"PC") -> 0 | F62: =COUNTIF(P62:AS62,"f") -> 0 | G62: =COUNTIF(P62:AS62,"ast") -> 0 | H62: =COUNTIF(P62:AS62,"cA") -> 0 | I62: =COUNTIF(P62:AS62,"rtt") -> 0 | J62: =COUNTIF(P62:AS62,"cex") -> 0 | K62: =COUNTIF(P62:AS62,"res") -> 0 | L62: =COUNTIF(P62:AS62,"mA") -> 0 | M62: =COUNTIF(P62:AS62,"at") -> 0 | N62: =COUNTIF(P62:AS62,"TAD") -> 0 | O62: =COUNTIF(P62:AS62,"TP") -> 0
A63: =IFERROR(IF(config!E55="","",config!E55),"") | AV63: MAGASIN
A64: =IFERROR(IF(config!E56="","",config!E56),"") -> COMMUN - MAGASINIER ET AGENTS ENTRETIEN | B64: =IFERROR(IF(config!F56="","",config!F56),"") | C64: =IFERROR(IF(config!G56="","",config!G56),"") | D64: =COUNTIF(P64:AS64,"p") -> 0 | E64: =COUNTIF(P64:AS64,"PC") -> 0 | F64: =COUNTIF(P64:AS64,"f") -> 0 | G64: =COUNTIF(P64:AS64,"ast") -> 0 | H64: =COUNTIF(P64:AS64,"cA") -> 0 | I64: =COUNTIF(P64:AS64,"rtt") -> 0 | J64: =COUNTIF(P64:AS64,"cex") -> 0 | K64: =COUNTIF(P64:AS64,"res") -> 0 | L64: =COUNTIF(P64:AS64,"mA") -> 0 | M64: =COUNTIF(P64:AS64,"at") -> 0 | N64: =COUNTIF(P64:AS64,"TAD") -> 0 | O64: =COUNTIF(P64:AS64,"TP") -> 0 | AV64: P | AW64: PC | AX64: F | AY64: AST | AZ64: CA | BA64: RTT | BB64: CEX | BC64: R | BD64: M | BE64: AT | BF64: TP
A65: =IFERROR(IF(config!E57="","",config!E57),"") -> N010342 | B65: =IFERROR(IF(config!F57="","",config!F57),"") -> VOL | C65: =IFERROR(IF(config!G57="","",config!G57),"") -> Christophe | D65: =COUNTIF(P65:AS65,"p") -> 0 | E65: =COUNTIF(P65:AS65,"PC") -> 0 | F65: =COUNTIF(P65:AS65,"f") -> 0 | G65: =COUNTIF(P65:AS65,"ast") -> 0 | H65: =COUNTIF(P65:AS65,"cA") -> 0 | I65: =COUNTIF(P65:AS65,"rtt") -> 0 | J65: =COUNTIF(P65:AS65,"cex") -> 0 | K65: =COUNTIF(P65:AS65,"res") -> 0 | L65: =COUNTIF(P65:AS65,"mA") -> 0 | M65: =COUNTIF(P65:AS65,"at") -> 0 | N65: =COUNTIF(P65:AS65,"TAD") -> 0 | O65: =COUNTIF(P65:AS65,"TP") -> 0 | AV65: =COUNTIF(P64:AS75,"P") -> 0 | AW65: =COUNTIF(P64:AS75,"PC") -> 0 | AX65: =COUNTIF(P64:AS75,"F") -> 0 | AY65: =COUNTIF(P64:AS75,"AST") -> 0 | AZ65: =COUNTIF(P64:AS75,"Ca") -> 0 | BA65: =COUNTIF(P64:AS75,"RTT") -> 0 | BB65: =COUNTIF(P64:AS75,"CEX") -> 0 | BC65: =COUNTIF(P64:AS75,"RES") -> 0 | BD65: =COUNTIF(P64:AS75,"MA") -> 0 | BE65: =COUNTIF(P64:AS75,"AT") -> 0 | BF65: =COUNTIF(P64:AS75,"TP") -> 0
A66: =IFERROR(IF(config!E58="","",config!E58),"") -> C003865 | B66: =IFERROR(IF(config!F58="","",config!F58),"") -> GENNA | C66: =IFERROR(IF(config!G58="","",config!G58),"") -> Grégory | D66: =COUNTIF(P66:AS66,"p") -> 0 | E66: =COUNTIF(P66:AS66,"PC") -> 0 | F66: =COUNTIF(P66:AS66,"f") -> 0 | G66: =COUNTIF(P66:AS66,"ast") -> 0 | H66: =COUNTIF(P66:AS66,"cA") -> 0 | I66: =COUNTIF(P66:AS66,"rtt") -> 0 | J66: =COUNTIF(P66:AS66,"cex") -> 0 | K66: =COUNTIF(P66:AS66,"res") -> 0 | L66: =COUNTIF(P66:AS66,"mA") -> 0 | M66: =COUNTIF(P66:AS66,"at") -> 0 | N66: =COUNTIF(P66:AS66,"TAD") -> 0 | O66: =COUNTIF(P66:AS66,"TP") -> 0
A67: =IFERROR(IF(config!E59="","",config!E59),"") -> N010032 | B67: =IFERROR(IF(config!F59="","",config!F59),"") -> BERNARD | C67: =IFERROR(IF(config!G59="","",config!G59),"") -> Jean-Louis | D67: =COUNTIF(P67:AS67,"p") -> 0 | E67: =COUNTIF(P67:AS67,"PC") -> 0 | F67: =COUNTIF(P67:AS67,"f") -> 0 | G67: =COUNTIF(P67:AS67,"ast") -> 0 | H67: =COUNTIF(P67:AS67,"cA") -> 0 | I67: =COUNTIF(P67:AS67,"rtt") -> 0 | J67: =COUNTIF(P67:AS67,"cex") -> 0 | K67: =COUNTIF(P67:AS67,"res") -> 0 | L67: =COUNTIF(P67:AS67,"mA") -> 0 | M67: =COUNTIF(P67:AS67,"at") -> 0 | N67: =COUNTIF(P67:AS67,"TAD") -> 0 | O67: =COUNTIF(P67:AS67,"TP") -> 0
A68: =IFERROR(IF(config!E60="","",config!E60),"") -> N010563 | B68: =IFERROR(IF(config!F60="","",config!F60),"") -> HAUBRAICHE | C68: =IFERROR(IF(config!G60="","",config!G60),"") -> Philippe | D68: =COUNTIF(P68:AS68,"p") -> 0 | E68: =COUNTIF(P68:AS68,"PC") -> 0 | F68: =COUNTIF(P68:AS68,"f") -> 0 | G68: =COUNTIF(P68:AS68,"ast") -> 0 | H68: =COUNTIF(P68:AS68,"cA") -> 0 | I68: =COUNTIF(P68:AS68,"rtt") -> 0 | J68: =COUNTIF(P68:AS68,"cex") -> 0 | K68: =COUNTIF(P68:AS68,"res") -> 0 | L68: =COUNTIF(P68:AS68,"mA") -> 0 | M68: =COUNTIF(P68:AS68,"at") -> 0 | N68: =COUNTIF(P68:AS68,"TAD") -> 0 | O68: =COUNTIF(P68:AS68,"TP") -> 0
A69: =IFERROR(IF(config!E69="","",config!E69),"") | B69: =IFERROR(IF(config!F69="","",config!F69),"") | C69: =IFERROR(IF(config!G69="","",config!G69),"") | D69: =COUNTIF(P69:AS69,"p") -> 0 | E69: =COUNTIF(P69:AS69,"PC") -> 0 | F69: =COUNTIF(P69:AS69,"f") -> 0 | G69: =COUNTIF(P69:AS69,"ast") -> 0 | H69: =COUNTIF(P69:AS69,"cA") -> 0 | I69: =COUNTIF(P69:AS69,"rtt") -> 0 | J69: =COUNTIF(P69:AS69,"cex") -> 0 | K69: =COUNTIF(P69:AS69,"res") -> 0 | L69: =COUNTIF(P69:AS69,"mA") -> 0 | M69: =COUNTIF(P69:AS69,"at") -> 0 | N69: =COUNTIF(P69:AS69,"TAD") -> 0 | O69: =COUNTIF(P69:AS69,"TP") -> 0

Sheet Mai 2026
A1: =config!B9 -> 46143
A2: =config!C9 -> 46173
P4: =A1 -> 46143 | Q4: =P4+1 -> 46144 | R4: =Q4+1 -> 46145 | S4: =R4+1 -> 46146 | T4: =S4+1 -> 46147 | U4: =T4+1 -> 46148 | V4: =U4+1 -> 46149 | W4: =V4+1 -> 46150 | X4: =W4+1 -> 46151 | ... AT4: =AS4+1 -> 46173
A5: =TEXT(A1,"mmmmmmmmmmmm") -> mai
D8: TOTAL | P8: FERIE | W8: FERIE | AC8: FERIE | AN8: FERIE
D9: P | E9: PC | F9: F | G9: AST | H9: CA | I9: RTT | J9: CEX | K9: R | L9: M | M9: AT | N9: TAD | O9: TP | P9: =IFERROR(WEEKDAY(P4),"") -> 6 | Q9: =IFERROR(WEEKDAY(Q4),"") -> 7 | R9: =IFERROR(WEEKDAY(R4),"") -> 1 | S9: =IFERROR(WEEKDAY(S4),"") -> 2 | T9: =IFERROR(WEEKDAY(T4),"") -> 3 | U9: =IFERROR(WEEKDAY(U4),"") -> 4 | V9: =IFERROR(WEEKDAY(V4),"") -> 5 | W9: =IFERROR(WEEKDAY(W4),"") -> 6 | ... AT9: =IFERROR(WEEKDAY(AT4),"") -> 1
A10: Matricule | B10: Nom | C10: Prénom | D10: PRESENCE | E10: PREV CONGES | F10: FORMATION | G10: ASTREINT | H10: CONGES ANNUEL | I10: RTT | J10: CONGES EXC | K10: RESERVE | L10: MALADIE | M10: ACCIDENT DE TRAVAIL | N10: TRAVAI A DISTANCE | O10: Tps partiel TH | P10: =DAY(P4) -> 1 | Q10: =DAY(Q4) -> 2 | R10: =DAY(R4) -> 3 | S10: =DAY(S4) -> 4 | T10: =DAY(T4) -> 5 | U10: =DAY(U4) -> 6 | V10: =DAY(V4) -> 7 | W10: =DAY(W4) -> 8 | ... AT10: =DAY(AT4) -> 31
A11: =IFERROR(IF(config!E3="","",config!E3),"") -> N019002 | B11: =IFERROR(IF(config!F3="","",config!F3),"") -> DEBREYNE | C11: =IFERROR(IF(config!G3="","",config!G3),"") -> Audrey | D11: =COUNTIF(P11:AS11,"p") -> 0 | E11: =COUNTIF(P11:AS11,"PC") -> 0 | F11: =COUNTIF(P11:AS11,"f") -> 0 | G11: =COUNTIF(P11:AS11,"ast") -> 0 | H11: =COUNTIF(P11:AS11,"cA") -> 0 | I11: =COUNTIF(P11:AS11,"rtt") -> 0 | J11: =COUNTIF(P11:AS11,"cex") -> 0 | K11: =COUNTIF(P11:AS11,"res") -> 0 | L11: =COUNTIF(P11:AS11,"mA") -> 0 | M11: =COUNTIF(P11:AS11,"at") -> 0 | N11: =COUNTIF(P11:AS11,"TAD") -> 0 | O11: =COUNTIF(P11:AS11,"TP") -> 0 | AV11: BUREAU
A12: =IFERROR(IF(config!E4="","",config!E4),"") -> N024050 | B12: =IFERROR(IF(config!F4="","",config!F4),"") -> LUTARD | C12: =IFERROR(IF(config!G4="","",config!G4),"") -> Karyne | D12: =COUNTIF(P12:AS12,"p") -> 0 | E12: =COUNTIF(P12:AS12,"PC") -> 1 | F12: =COUNTIF(P12:AS12,"f") -> 0 | G12: =COUNTIF(P12:AS12,"ast") -> 0 | H12: =COUNTIF(P12:AS12,"cA") -> 0 | I12: =COUNTIF(P12:AS12,"rtt") -> 0 | J12: =COUNTIF(P12:AS12,"cex") -> 0 | K12: =COUNTIF(P12:AS12,"res") -> 0 | L12: =COUNTIF(P12:AS12,"mA") -> 0 | M12: =COUNTIF(P12:AS12,"at") -> 0 | N12: =COUNTIF(P12:AS12,"TAD") -> 0 | O12: =COUNTIF(P12:AS12,"TP") -> 0 | AD12: PC | AV12: P | AW12: PC | AX12: F | AY12: AST | AZ12: CA | BA12: RTT | BB12: CEX | BC12: R | BD12: M | BE12: AT | BF12: TP
A13: =IFERROR(IF(config!E5="","",config!E5),"") -> N018905 | B13: =IFERROR(IF(config!F5="","",config!F5),"") -> HAUTDECOEUR | C13: =IFERROR(IF(config!G5="","",config!G5),"") -> Laurence | D13: =COUNTIF(P13:AS13,"p") -> 0 | E13: =COUNTIF(P13:AS13,"PC") -> 0 | F13: =COUNTIF(P13:AS13,"f") -> 0 | G13: =COUNTIF(P13:AS13,"ast") -> 0 | H13: =COUNTIF(P13:AS13,"cA") -> 0 | I13: =COUNTIF(P13:AS13,"rtt") -> 0 | J13: =COUNTIF(P13:AS13,"cex") -> 0 | K13: =COUNTIF(P13:AS13,"res") -> 0 | L13: =COUNTIF(P13:AS13,"mA") -> 0 | M13: =COUNTIF(P13:AS13,"at") -> 0 | N13: =COUNTIF(P13:AS13,"TAD") -> 0 | O13: =COUNTIF(P13:AS13,"TP") -> 0 | AV13: =COUNTIF(P11:AS29,"p") -> 0 | AW13: =COUNTIF(P11:AS29,"PC") -> 1 | AX13: =COUNTIF(P11:AS29,"f") -> 0 | AY13: =COUNTIF(P11:AS29,"ast") -> 0 | AZ13: =COUNTIF(P11:AS29,"ca") -> 0 | BA13: =COUNTIF(P11:AS29,"rtt") -> 0 | BB13: =COUNTIF(P11:AS29,"CEX") -> 0 | BC13: =COUNTIF(P11:AS29,"RES") -> 0 | BD13: =COUNTIF(P11:AS29,"MA") -> 0 | BE13: =COUNTIF(P11:AS29,"AT") -> 0 | BF13: =COUNTIF(P11:AS29,"TP") -> 0
A14: =IFERROR(IF(config!E6="","",config!E6),"") -> N016820 | B14: =IFERROR(IF(config!F6="","",config!F6),"") -> GRENET | C14: =IFERROR(IF(config!G6="","",config!G6),"") -> Eric | D14: =COUNTIF(P14:AS14,"p") -> 0 | E14: =COUNTIF(P14:AS14,"PC") -> 0 | F14: =COUNTIF(P14:AS14,"f") -> 0 | G14: =COUNTIF(P14:AS14,"ast") -> 0 | H14: =COUNTIF(P14:AS14,"cA") -> 0 | I14: =COUNTIF(P14:AS14,"rtt") -> 0 | J14: =COUNTIF(P14:AS14,"cex") -> 0 | K14: =COUNTIF(P14:AS14,"res") -> 0 | L14: =COUNTIF(P14:AS14,"mA") -> 0 | M14: =COUNTIF(P14:AS14,"at") -> 0 | N14: =COUNTIF(P14:AS14,"TAD") -> 0 | O14: =COUNTIF(P14:AS14,"TP") -> 0
A15: =IFERROR(IF(config!E7="","",config!E7),"") -> C003285 | B15: =IFERROR(IF(config!F7="","",config!F7),"") -> FOURCADE | C15: =IFERROR(IF(config!G7="","",config!G7),"") -> Hervé | D15: =COUNTIF(P15:AS15,"p") -> 0 | E15: =COUNTIF(P15:AS15,"PC") -> 0 | F15: =COUNTIF(P15:AS15,"f") -> 0 | G15: =COUNTIF(P15:AS15,"ast") -> 0 | H15: =COUNTIF(P15:AS15,"cA") -> 0 | I15: =COUNTIF(P15:AS15,"rtt") -> 0 | J15: =COUNTIF(P15:AS15,"cex") -> 0 | K15: =COUNTIF(P15:AS15,"res") -> 0 | L15: =COUNTIF(P15:AS15,"mA") -> 0 | M15: =COUNTIF(P15:AS15,"at") -> 0 | N15: =COUNTIF(P15:AS15,"TAD") -> 0 | O15: =COUNTIF(P15:AS15,"TP") -> 0
A16: =IFERROR(IF(config!E8="","",config!E8),"") -> JT030845 | B16: =IFERROR(IF(config!F8="","",config!F8),"") -> GONCALVES | C16: =IFERROR(IF(config!G8="","",config!G8),"") -> Lionel | D16: =COUNTIF(P16:AS16,"p") -> 0 | E16: =COUNTIF(P16:AS16,"PC") -> 0 | F16: =COUNTIF(P16:AS16,"f") -> 0 | G16: =COUNTIF(P16:AS16,"ast") -> 0 | H16: =COUNTIF(P16:AS16,"cA") -> 0 | I16: =COUNTIF(P16:AS16,"rtt") -> 0 | J16: =COUNTIF(P16:AS16,"cex") -> 0 | K16: =COUNTIF(P16:AS16,"res") -> 0 | L16: =COUNTIF(P16:AS16,"mA") -> 0 | M16: =COUNTIF(P16:AS16,"at") -> 0 | N16: =COUNTIF(P16:AS16,"TAD") -> 0 | O16: =COUNTIF(P16:AS16,"TP") -> 0
A17: =IFERROR(IF(config!E9="","",config!E9),"") -> N011045 | B17: =IFERROR(IF(config!F9="","",config!F9),"") -> SIGALA | C17: =IFERROR(IF(config!G9="","",config!G9),"") -> Jean-Christohpe | D17: =COUNTIF(P17:AS17,"p") -> 0 | E17: =COUNTIF(P17:AS17,"PC") -> 0 | F17: =COUNTIF(P17:AS17,"f") -> 0 | G17: =COUNTIF(P17:AS17,"ast") -> 0 | H17: =COUNTIF(P17:AS17,"cA") -> 0 | I17: =COUNTIF(P17:AS17,"rtt") -> 0 | J17: =COUNTIF(P17:AS17,"cex") -> 0 | K17: =COUNTIF(P17:AS17,"res") -> 0 | L17: =COUNTIF(P17:AS17,"mA") -> 0 | M17: =COUNTIF(P17:AS17,"at") -> 0 | N17: =COUNTIF(P17:AS17,"TAD") -> 0 | O17: =COUNTIF(P17:AS17,"TP") -> 0
D18: =COUNTIF(P18:AS18,"p") -> 0 | E18: =COUNTIF(P18:AS18,"PC") -> 0 | F18: =COUNTIF(P18:AS18,"f") -> 0 | G18: =COUNTIF(P18:AS18,"ast") -> 0 | H18: =COUNTIF(P18:AS18,"cA") -> 0 | I18: =COUNTIF(P18:AS18,"rtt") -> 0 | J18: =COUNTIF(P18:AS18,"cex") -> 0 | K18: =COUNTIF(P18:AS18,"res") -> 0 | L18: =COUNTIF(P18:AS18,"mA") -> 0 | M18: =COUNTIF(P18:AS18,"at") -> 0 | N18: =COUNTIF(P18:AS18,"TAD") -> 0 | O18: =COUNTIF(P18:AS18,"TP") -> 0
A19: =IFERROR(IF(config!E11="","",config!E11),"") -> N015967 | B19: =IFERROR(IF(config!F11="","",config!F11),"") -> TUCOULET | C19: =IFERROR(IF(config!G11="","",config!G11),"") -> Dorian | D19: =COUNTIF(P19:AS19,"p") -> 0 | E19: =COUNTIF(P19:AS19,"PC") -> 0 | F19: =COUNTIF(P19:AS19,"f") -> 0 | G19: =COUNTIF(P19:AS19,"ast") -> 0 | H19: =COUNTIF(P19:AS19,"cA") -> 0 | I19: =COUNTIF(P19:AS19,"rtt") -> 0 | J19: =COUNTIF(P19:AS19,"cex") -> 0 | K19: =COUNTIF(P19:AS19,"res") -> 0 | L19: =COUNTIF(P19:AS19,"mA") -> 0 | M19: =COUNTIF(P19:AS19,"at") -> 0 | N19: =COUNTIF(P19:AS19,"TAD") -> 0 | O19: =COUNTIF(P19:AS19,"TP") -> 0
A20: =IFERROR(IF(config!E12="","",config!E12),"") -> N017539 | B20: =IFERROR(IF(config!F12="","",config!F12),"") -> VRBOVSKA | C20: =IFERROR(IF(config!G12="","",config!G12),"") -> Xavier | D20: =COUNTIF(P20:AS20,"p") -> 0 | E20: =COUNTIF(P20:AS20,"PC") -> 0 | F20: =COUNTIF(P20:AS20,"f") -> 0 | G20: =COUNTIF(P20:AS20,"ast") -> 0 | H20: =COUNTIF(P20:AS20,"cA") -> 0 | I20: =COUNTIF(P20:AS20,"rtt") -> 0 | J20: =COUNTIF(P20:AS20,"cex") -> 0 | K20: =COUNTIF(P20:AS20,"res") -> 0 | L20: =COUNTIF(P20:AS20,"mA") -> 0 | M20: =COUNTIF(P20:AS20,"at") -> 0 | N20: =COUNTIF(P20:AS20,"TAD") -> 0 | O20: =COUNTIF(P20:AS20,"TP") -> 0
A21: =IFERROR(IF(config!E13="","",config!E13),"") -> MAINTENANCE
A22: =IFERROR(IF(config!E14="","",config!E14),"") -> SURVEILLANT DE TRAVAUX
A23: =IFERROR(IF(config!E15="","",config!E15),"") -> C004587 | B23: =IFERROR(IF(config!F15="","",config!F15),"") -> BOURGOIN | C23: =IFERROR(IF(config!G15="","",config!G15),"") -> Jean-Baptiste | D23: =COUNTIF(P23:AS23,"p") -> 0 | E23: =COUNTIF(P23:AS23,"PC") -> 0 | F23: =COUNTIF(P23:AS23,"f") -> 0 | G23: =COUNTIF(P23:AS23,"ast") -> 0 | H23: =COUNTIF(P23:AS23,"cA") -> 0 | I23: =COUNTIF(P23:AS23,"rtt") -> 0 | J23: =COUNTIF(P23:AS23,"cex") -> 0 | K23: =COUNTIF(P23:AS23,"res") -> 0 | L23: =COUNTIF(P23:AS23,"mA") -> 0 | M23: =COUNTIF(P23:AS23,"at") -> 0 | N23: =COUNTIF(P23:AS23,"TAD") -> 0 | O23: =COUNTIF(P23:AS23,"TP") -> 0
A24: =IFERROR(IF(config!E16="","",config!E16),"") -> N02645 | B24: =IFERROR(IF(config!F16="","",config!F16),"") -> MERCADIEU | C24: =IFERROR(IF(config!G16="","",config!G16),"") -> Baptiste | D24: =COUNTIF(P24:AS24,"p") -> 0 | E24: =COUNTIF(P24:AS24,"PC") -> 0 | F24: =COUNTIF(P24:AS24,"f") -> 0 | G24: =COUNTIF(P24:AS24,"ast") -> 0 | H24: =COUNTIF(P24:AS24,"cA") -> 0 | I24: =COUNTIF(P24:AS24,"rtt") -> 0 | J24: =COUNTIF(P24:AS24,"cex") -> 0 | K24: =COUNTIF(P24:AS24,"res") -> 0 | L24: =COUNTIF(P24:AS24,"mA") -> 0 | M24: =COUNTIF(P24:AS24,"at") -> 0 | N24: =COUNTIF(P24:AS24,"TAD") -> 0 | O24: =COUNTIF(P24:AS24,"TP") -> 0
A25: =IFERROR(IF(config!E17="","",config!E17),"") -> ASDP
A26: =IFERROR(IF(config!E18="","",config!E18),"") -> C004845 | B26: =IFERROR(IF(config!F18="","",config!F18),"") -> GARCIA | C26: =IFERROR(IF(config!G18="","",config!G18),"") -> Yoan | D26: =COUNTIF(P26:AS26,"p") -> 0 | E26: =COUNTIF(P26:AS26,"PC") -> 0 | F26: =COUNTIF(P26:AS26,"f") -> 0 | G26: =COUNTIF(P26:AS26,"ast") -> 0 | H26: =COUNTIF(P26:AS26,"cA") -> 0 | I26: =COUNTIF(P26:AS26,"rtt") -> 0 | J26: =COUNTIF(P26:AS26,"cex") -> 0 | K26: =COUNTIF(P26:AS26,"res") -> 0 | L26: =COUNTIF(P26:AS26,"mA") -> 0 | M26: =COUNTIF(P26:AS26,"at") -> 0 | N26: =COUNTIF(P26:AS26,"TAD") -> 0 | O26: =COUNTIF(P26:AS26,"TP") -> 0
A27: =IFERROR(IF(config!E19="","",config!E19),"") -> C005015 | B27: =IFERROR(IF(config!F19="","",config!F19),"") -> LARROUDE | C27: =IFERROR(IF(config!G19="","",config!G19),"") -> Christophe | D27: =COUNTIF(P27:AS27,"p") -> 0 | E27: =COUNTIF(P27:AS27,"PC") -> 0 | F27: =COUNTIF(P27:AS27,"f") -> 0 | G27: =COUNTIF(P27:AS27,"ast") -> 0 | H27: =COUNTIF(P27:AS27,"cA") -> 0 | I27: =COUNTIF(P27:AS27,"rtt") -> 0 | J27: =COUNTIF(P27:AS27,"cex") -> 0 | K27: =COUNTIF(P27:AS27,"res") -> 0 | L27: =COUNTIF(P27:AS27,"mA") -> 0 | M27: =COUNTIF(P27:AS27,"at") -> 0 | N27: =COUNTIF(P27:AS27,"TAD") -> 0 | O27: =COUNTIF(P27:AS27,"TP") -> 0
A28: =IFERROR(IF(config!E20="","",config!E20),"") -> N020065 | B28: =IFERROR(IF(config!F20="","",config!F20),"") -> SAMITIER | C28: =IFERROR(IF(config!G20="","",config!G20),"") -> Beatrice | D28: =COUNTIF(P28:AS28,"p") -> 0 | E28: =COUNTIF(P28:AS28,"PC") -> 0 | F28: =COUNTIF(P28:AS28,"f") -> 0 | G28: =COUNTIF(P28:AS28,"ast") -> 0 | H28: =COUNTIF(P28:AS28,"cA") -> 0 | I28: =COUNTIF(P28:AS28,"rtt") -> 0 | J28: =COUNTIF(P28:AS28,"cex") -> 0 | K28: =COUNTIF(P28:AS28,"res") -> 0 | L28: =COUNTIF(P28:AS28,"mA") -> 0 | M28: =COUNTIF(P28:AS28,"at") -> 0 | N28: =COUNTIF(P28:AS28,"TAD") -> 0 | O28: =COUNTIF(P28:AS28,"TP") -> 0
A29: =IFERROR(IF(config!E21="","",config!E21),"") -> C005216 | B29: =IFERROR(IF(config!F21="","",config!F21),"") -> PIEL | C29: =IFERROR(IF(config!G21="","",config!G21),"") -> Frédy | D29: =COUNTIF(P29:AS29,"p") -> 0 | E29: =COUNTIF(P29:AS29,"PC") -> 0 | F29: =COUNTIF(P29:AS29,"f") -> 0 | G29: =COUNTIF(P29:AS29,"ast") -> 0 | H29: =COUNTIF(P29:AS29,"cA") -> 0 | I29: =COUNTIF(P29:AS29,"rtt") -> 0 | J29: =COUNTIF(P29:AS29,"cex") -> 0 | K29: =COUNTIF(P29:AS29,"res") -> 0 | L29: =COUNTIF(P29:AS29,"mA") -> 0 | M29: =COUNTIF(P29:AS29,"at") -> 0 | N29: =COUNTIF(P29:AS29,"TAD") -> 0 | O29: =COUNTIF(P29:AS29,"TP") -> 0
A30: =IFERROR(IF(config!E22="","",config!E22),"") -> PROPRETE
A31: =IFERROR(IF(config!E23="","",config!E23),"") -> JN020502 | B31: =IFERROR(IF(config!F23="","",config!F23),"") -> GOURVIAT | C31: =IFERROR(IF(config!G23="","",config!G23),"") -> Annabelle | D31: =COUNTIF(P31:AS31,"p") -> 0 | E31: =COUNTIF(P31:AS31,"PC") -> 0 | F31: =COUNTIF(P31:AS31,"f") -> 0 | G31: =COUNTIF(P31:AS31,"ast") -> 0 | H31: =COUNTIF(P31:AS31,"cA") -> 0 | I31: =COUNTIF(P31:AS31,"rtt") -> 0 | J31: =COUNTIF(P31:AS31,"cex") -> 0 | K31: =COUNTIF(P31:AS31,"res") -> 0 | L31: =COUNTIF(P31:AS31,"mA") -> 0 | M31: =COUNTIF(P31:AS31,"at") -> 0 | N31: =COUNTIF(P31:AS31,"TAD") -> 0 | O31: =COUNTIF(P31:AS31,"TP") -> 0
A32: =IFERROR(IF(config!E24="","",config!E24),"") -> JT032516 | B32: =IFERROR(IF(config!F24="","",config!F24),"") -> LARTIGUE | C32: =IFERROR(IF(config!G24="","",config!G24),"") -> Laura | D32: =COUNTIF(P32:AS32,"p") -> 0 | E32: =COUNTIF(P32:AS32,"PC") -> 0 | F32: =COUNTIF(P32:AS32,"f") -> 0 | G32: =COUNTIF(P32:AS32,"ast") -> 0 | H32: =COUNTIF(P32:AS32,"cA") -> 0 | I32: =COUNTIF(P32:AS32,"rtt") -> 0 | J32: =COUNTIF(P32:AS32,"cex") -> 0 | K32: =COUNTIF(P32:AS32,"res") -> 0 | L32: =COUNTIF(P32:AS32,"mA") -> 0 | M32: =COUNTIF(P32:AS32,"at") -> 0 | N32: =COUNTIF(P32:AS32,"TAD") -> 0 | O32: =COUNTIF(P32:AS32,"TP") -> 0
A33: =IFERROR(IF(config!E25="","",config!E25),"") -> JN010897 | B33: =IFERROR(IF(config!F25="","",config!F25),"") -> TRIQUENEAUX | C33: =IFERROR(IF(config!G25="","",config!G25),"") -> Benoit | D33: =COUNTIF(P33:AS33,"p") -> 0 | E33: =COUNTIF(P33:AS33,"PC") -> 0 | F33: =COUNTIF(P33:AS33,"f") -> 0 | G33: =COUNTIF(P33:AS33,"ast") -> 0 | H33: =COUNTIF(P33:AS33,"cA") -> 0 | I33: =COUNTIF(P33:AS33,"rtt") -> 0 | J33: =COUNTIF(P33:AS33,"cex") -> 0 | K33: =COUNTIF(P33:AS33,"res") -> 0 | L33: =COUNTIF(P33:AS33,"mA") -> 0 | M33: =COUNTIF(P33:AS33,"at") -> 0 | N33: =COUNTIF(P33:AS33,"TAD") -> 0 | O33: =COUNTIF(P33:AS33,"TP") -> 0
A34: =IFERROR(IF(config!E26="","",config!E26),"") -> JN010381 | B34: =IFERROR(IF(config!F26="","",config!F26),"") -> ESPERON | C34: =IFERROR(IF(config!G26="","",config!G26),"") -> Alain | D34: =COUNTIF(P34:AS34,"p") -> 0 | E34: =COUNTIF(P34:AS34,"PC") -> 0 | F34: =COUNTIF(P34:AS34,"f") -> 0 | G34: =COUNTIF(P34:AS34,"ast") -> 0 | H34: =COUNTIF(P34:AS34,"cA") -> 0 | I34: =COUNTIF(P34:AS34,"rtt") -> 0 | J34: =COUNTIF(P34:AS34,"cex") -> 0 | K34: =COUNTIF(P34:AS34,"res") -> 0 | L34: =COUNTIF(P34:AS34,"mA") -> 0 | M34: =COUNTIF(P34:AS34,"at") -> 0 | N34: =COUNTIF(P34:AS34,"TAD") -> 0 | O34: =COUNTIF(P34:AS34,"TP") -> 0
A35: =IFERROR(IF(config!E27="","",config!E27),"") -> JN010750 | B35: =IFERROR(IF(config!F27="","",config!F27),"") -> ROUGLAN | C35: =IFERROR(IF(config!G27="","",config!G27),"") -> William | D35: =COUNTIF(P35:AS35,"p") -> 0 | E35: =COUNTIF(P35:AS35,"PC") -> 0 | F35: =COUNTIF(P35:AS35,"f") -> 0 | G35: =COUNTIF(P35:AS35,"ast") -> 0 | H35: =COUNTIF(P35:AS35,"cA") -> 0 | I35: =COUNTIF(P35:AS35,"rtt") -> 0 | J35: =COUNTIF(P35:AS35,"cex") -> 0 | K35: =COUNTIF(P35:AS35,"res") -> 0 | L35: =COUNTIF(P35:AS35,"mA") -> 0 | M35: =COUNTIF(P35:AS35,"at") -> 0 | N35: =COUNTIF(P35:AS35,"TAD") -> 0 | O35: =COUNTIF(P35:AS35,"TP") -> 0
A36: =IFERROR(IF(config!E28="","",config!E28),"") -> JN010461 | B36: =IFERROR(IF(config!F28="","",config!F28),"") -> NOURRI | C36: =IFERROR(IF(config!G28="","",config!G28),"") -> Danny | D36: =COUNTIF(P36:AS36,"p") -> 0 | E36: =COUNTIF(P36:AS36,"PC") -> 0 | F36: =COUNTIF(P36:AS36,"f") -> 0 | G36: =COUNTIF(P36:AS36,"ast") -> 0 | H36: =COUNTIF(P36:AS36,"cA") -> 0 | I36: =COUNTIF(P36:AS36,"rtt") -> 0 | J36: =COUNTIF(P36:AS36,"cex") -> 0 | K36: =COUNTIF(P36:AS36,"res") -> 0 | L36: =COUNTIF(P36:AS36,"mA") -> 0 | M36: =COUNTIF(P36:AS36,"at") -> 0 | N36: =COUNTIF(P36:AS36,"TAD") -> 0 | O36: =COUNTIF(P36:AS36,"TP") -> 0
A37: =IFERROR(IF(config!E29="","",config!E29),"") -> REGIE
A38: =IFERROR(IF(config!E30="","",config!E30),"") -> AGENTS VOIRIE | AV38: VOIRIE
A39: =IFERROR(IF(config!E31="","",config!E31),"") -> JT028103 | B39: =IFERROR(IF(config!F31="","",config!F31),"") -> BERRIO-GAUDNER | C39: =IFERROR(IF(config!G31="","",config!G31),"") -> Jacques | D39: =COUNTIF(P39:AS39,"p") -> 0 | E39: =COUNTIF(P39:AS39,"PC") -> 0 | F39: =COUNTIF(P39:AS39,"f") -> 0 | G39: =COUNTIF(P39:AS39,"ast") -> 0 | H39: =COUNTIF(P39:AS39,"cA") -> 0 | I39: =COUNTIF(P39:AS39,"rtt") -> 0 | J39: =COUNTIF(P39:AS39,"cex") -> 0 | K39: =COUNTIF(P39:AS39,"res") -> 0 | L39: =COUNTIF(P39:AS39,"mA") -> 0 | M39: =COUNTIF(P39:AS39,"at") -> 0 | N39: =COUNTIF(P39:AS39,"TAD") -> 0 | O39: =COUNTIF(P39:AS39,"TP") -> 0 | AV39: P | AW39: PC | AX39: F | AY39: AST | AZ39: CA | BA39: RTT | BB39: CEX | BC39: R | BD39: M | BE39: AT | BF39: TP
A40: =IFERROR(IF(config!E32="","",config!E32),"") -> C002908 | B40: =IFERROR(IF(config!F32="","",config!F32),"") -> FONTENEAU | C40: =IFERROR(IF(config!G32="","",config!G32),"") -> Fabrice | D40: =COUNTIF(P40:AS40,"p") -> 0 | E40: =COUNTIF(P40:AS40,"PC") -> 0 | F40: =COUNTIF(P40:AS40,"f") -> 0 | G40: =COUNTIF(P40:AS40,"ast") -> 0 | H40: =COUNTIF(P40:AS40,"cA") -> 0 | I40: =COUNTIF(P40:AS40,"rtt") -> 0 | J40: =COUNTIF(P40:AS40,"cex") -> 0 | K40: =COUNTIF(P40:AS40,"res") -> 0 | L40: =COUNTIF(P40:AS40,"mA") -> 0 | M40: =COUNTIF(P40:AS40,"at") -> 0 | N40: =COUNTIF(P40:AS40,"TAD") -> 0 | O40: =COUNTIF(P40:AS40,"TP") -> 0 | AV40: =COUNTIF(P39:AS49,"p") -> 0 | AW40: =COUNTIF(P39:AS49,"pc") -> 0 | AX40: =COUNTIF(P39:AS49,"f") -> 0 | AY40: =COUNTIF(P39:AS49,"ast") -> 0 | AZ40: =COUNTIF(P39:AS49,"cA") -> 0 | BA40: =COUNTIF(P39:AS49,"rtt") -> 0 | BB40: =COUNTIF(P39:AS49,"cex") -> 0 | BC40: =COUNTIF(P39:AS49,"RES") -> 0 | BD40: =COUNTIF(P39:AS49,"MA") -> 0 | BE40: =COUNTIF(P39:AS49,"at") -> 30 | BF40: =COUNTIF(P39:AS49,"TP") -> 0
A41: =IFERROR(IF(config!E33="","",config!E33),"") -> C004504 | B41: =IFERROR(IF(config!F33="","",config!F33),"") -> GUIJARRO | C41: =IFERROR(IF(config!G33="","",config!G33),"") -> Juan-Pédro | D41: =COUNTIF(P41:AS41,"p") -> 0 | E41: =COUNTIF(P41:AS41,"PC") -> 0 | F41: =COUNTIF(P41:AS41,"f") -> 0 | G41: =COUNTIF(P41:AS41,"ast") -> 0 | H41: =COUNTIF(P41:AS41,"cA") -> 0 | I41: =COUNTIF(P41:AS41,"rtt") -> 0 | J41: =COUNTIF(P41:AS41,"cex") -> 0 | K41: =COUNTIF(P41:AS41,"res") -> 0 | L41: =COUNTIF(P41:AS41,"mA") -> 0 | M41: =COUNTIF(P41:AS41,"at") -> 0 | N41: =COUNTIF(P41:AS41,"TAD") -> 0 | O41: =COUNTIF(P41:AS41,"TP") -> 0
A42: =IFERROR(IF(config!E34="","",config!E34),"") -> T028198 | B42: =IFERROR(IF(config!F34="","",config!F34),"") -> GOUREAU | C42: =IFERROR(IF(config!G34="","",config!G34),"") -> Jonathan | D42: =COUNTIF(P42:AS42,"p") -> 0 | E42: =COUNTIF(P42:AS42,"PC") -> 0 | F42: =COUNTIF(P42:AS42,"f") -> 0 | G42: =COUNTIF(P42:AS42,"ast") -> 0 | H42: =COUNTIF(P42:AS42,"cA") -> 0 | I42: =COUNTIF(P42:AS42,"rtt") -> 0 | J42: =COUNTIF(P42:AS42,"cex") -> 0 | K42: =COUNTIF(P42:AS42,"res") -> 0 | L42: =COUNTIF(P42:AS42,"mA") -> 0 | M42: =COUNTIF(P42:AS42,"at") -> 0 | N42: =COUNTIF(P42:AS42,"TAD") -> 0 | O42: =COUNTIF(P42:AS42,"TP") -> 0
A43: =IFERROR(IF(config!E35="","",config!E35),"") -> C002986 | B43: =IFERROR(IF(config!F35="","",config!F35),"") -> LABORIE | C43: =IFERROR(IF(config!G35="","",config!G35),"") -> Jean-Louis | D43: =COUNTIF(P43:AS43,"p") -> 0 | E43: =COUNTIF(P43:AS43,"PC") -> 0 | F43: =COUNTIF(P43:AS43,"f") -> 0 | G43: =COUNTIF(P43:AS43,"ast") -> 0 | H43: =COUNTIF(P43:AS43,"cA") -> 0 | I43: =COUNTIF(P43:AS43,"rtt") -> 0 | J43: =COUNTIF(P43:AS43,"cex") -> 0 | K43: =COUNTIF(P43:AS43,"res") -> 0 | L43: =COUNTIF(P43:AS43,"mA") -> 0 | M43: =COUNTIF(P43:AS43,"at") -> 0 | N43: =COUNTIF(P43:AS43,"TAD") -> 0 | O43: =COUNTIF(P43:AS43,"TP") -> 0
A44: =IFERROR(IF(config!E36="","",config!E36),"") -> C007317 | B44: =IFERROR(IF(config!F36="","",config!F36),"") -> LARRIEU | C44: =IFERROR(IF(config!G36="","",config!G36),"") -> Cédric | D44: =COUNTIF(P44:AS44,"p") -> 0 | E44: =COUNTIF(P44:AS44,"PC") -> 0 | F44: =COUNTIF(P44:AS44,"f") -> 0 | G44: =COUNTIF(P44:AS44,"ast") -> 0 | H44: =COUNTIF(P44:AS44,"cA") -> 0 | I44: =COUNTIF(P44:AS44,"rtt") -> 0 | J44: =COUNTIF(P44:AS44,"cex") -> 0 | K44: =COUNTIF(P44:AS44,"res") -> 0 | L44: =COUNTIF(P44:AS44,"mA") -> 0 | M44: =COUNTIF(P44:AS44,"at") -> 0 | N44: =COUNTIF(P44:AS44,"TAD") -> 0 | O44: =COUNTIF(P44:AS44,"TP") -> 0
A45: =IFERROR(IF(config!E37="","",config!E37),"") -> C004309 | B45: =IFERROR(IF(config!F37="","",config!F37),"") -> LEVIGNAT | C45: =IFERROR(IF(config!G37="","",config!G37),"") -> Didier | D45: =COUNTIF(P45:AS45,"p") -> 0 | E45: =COUNTIF(P45:AS45,"PC") -> 0 | F45: =COUNTIF(P45:AS45,"f") -> 0 | G45: =COUNTIF(P45:AS45,"ast") -> 0 | H45: =COUNTIF(P45:AS45,"cA") -> 0 | I45: =COUNTIF(P45:AS45,"rtt") -> 0 | J45: =COUNTIF(P45:AS45,"cex") -> 0 | K45: =COUNTIF(P45:AS45,"res") -> 0 | L45: =COUNTIF(P45:AS45,"mA") -> 0 | M45: =COUNTIF(P45:AS45,"at") -> 30 | N45: =COUNTIF(P45:AS45,"TAD") -> 0 | O45: =COUNTIF(P45:AS45,"TP") -> 0 | P45: AT | Q45: AT | R45: AT | S45: AT | T45: AT | U45: AT | V45: AT | W45: AT | X45: AT | Y45: AT | Z45: AT | AA45: AT | AB45: AT | AC45: AT | AD45: AT | AE45: AT | AF45: AT | AG45: AT | AH45: AT | AI45: AT | AJ45: AT | AK45: AT | AL45: AT | AM45: AT | AN45: AT | AO45: AT | AP45: AT | AQ45: AT | AR45: AT | AS45: AT | AT45: AT
A46: =IFERROR(IF(config!E38="","",config!E38),"") -> C005624 | B46: =IFERROR(IF(config!F38="","",config!F38),"") -> MARTIN-HERNANDEZ | C46: =IFERROR(IF(config!G38="","",config!G38),"") -> Pierre | D46: =COUNTIF(P46:AS46,"p") -> 0 | E46: =COUNTIF(P46:AS46,"PC") -> 0 | F46: =COUNTIF(P46:AS46,"f") -> 0 | G46: =COUNTIF(P46:AS46,"ast") -> 0 | H46: =COUNTIF(P46:AS46,"cA") -> 0 | I46: =COUNTIF(P46:AS46,"rtt") -> 0 | J46: =COUNTIF(P46:AS46,"cex") -> 0 | K46: =COUNTIF(P46:AS46,"res") -> 0 | L46: =COUNTIF(P46:AS46,"mA") -> 0 | M46: =COUNTIF(P46:AS46,"at") -> 0 | N46: =COUNTIF(P46:AS46,"TAD") -> 0 | O46: =COUNTIF(P46:AS46,"TP") -> 0
A47: =IFERROR(IF(config!E39="","",config!E39),"") -> C007758 | B47: =IFERROR(IF(config!F39="","",config!F39),"") -> PIERRE | C47: =IFERROR(IF(config!G39="","",config!G39),"") -> Frantzy | D47: =COUNTIF(P47:AS47,"p") -> 0 | E47: =COUNTIF(P47:AS47,"PC") -> 0 | F47: =COUNTIF(P47:AS47,"f") -> 0 | G47: =COUNTIF(P47:AS47,"ast") -> 0 | H47: =COUNTIF(P47:AS47,"cA") -> 0 | I47: =COUNTIF(P47:AS47,"rtt") -> 0 | J47: =COUNTIF(P47:AS47,"cex") -> 0 | K47: =COUNTIF(P47:AS47,"res") -> 0 | L47: =COUNTIF(P47:AS47,"mA") -> 0 | M47: =COUNTIF(P47:AS47,"at") -> 0 | N47: =COUNTIF(P47:AS47,"TAD") -> 0 | O47: =COUNTIF(P47:AS47,"TP") -> 0
A48: =IFERROR(IF(config!E40="","",config!E40),"") -> C004609 | B48: =IFERROR(IF(config!F40="","",config!F40),"") -> SOLA | C48: =IFERROR(IF(config!G40="","",config!G40),"") -> Xavier | D48: =COUNTIF(P48:AS48,"p") -> 0 | E48: =COUNTIF(P48:AS48,"PC") -> 0 | F48: =COUNTIF(P48:AS48,"f") -> 0 | G48: =COUNTIF(P48:AS48,"ast") -> 0 | H48: =COUNTIF(P48:AS48,"cA") -> 0 | I48: =COUNTIF(P48:AS48,"rtt") -> 0 | J48: =COUNTIF(P48:AS48,"cex") -> 0 | K48: =COUNTIF(P48:AS48,"res") -> 0 | L48: =COUNTIF(P48:AS48,"mA") -> 0 | M48: =COUNTIF(P48:AS48,"at") -> 0 | N48: =COUNTIF(P48:AS48,"TAD") -> 0 | O48: =COUNTIF(P48:AS48,"TP") -> 0
A49: =IFERROR(IF(config!E41="","",config!E41),"") -> T029734 | B49: =IFERROR(IF(config!F41="","",config!F41),"") -> WEISS | C49: =IFERROR(IF(config!G41="","",config!G41),"") -> Miguel | D49: =COUNTIF(P49:AS49,"p") -> 0 | E49: =COUNTIF(P49:AS49,"PC") -> 0 | F49: =COUNTIF(P49:AS49,"f") -> 0 | G49: =COUNTIF(P49:AS49,"ast") -> 0 | H49: =COUNTIF(P49:AS49,"cA") -> 0 | I49: =COUNTIF(P49:AS49,"rtt") -> 0 | J49: =COUNTIF(P49:AS49,"cex") -> 0 | K49: =COUNTIF(P49:AS49,"res") -> 0 | L49: =COUNTIF(P49:AS49,"mA") -> 0 | M49: =COUNTIF(P49:AS49,"at") -> 0 | N49: =COUNTIF(P49:AS49,"TAD") -> 0 | O49: =COUNTIF(P49:AS49,"TP") -> 0
A50: =IFERROR(IF(config!E42="","",config!E42),"") | AV50: ESPACES VERTS
A51: =IFERROR(IF(config!E43="","",config!E43),"") -> AGENTS ESPACES VERTS | B51: =IFERROR(IF(config!F43="","",config!F43),"") | C51: =IFERROR(IF(config!G43="","",config!G43),"") | D51: =COUNTIF(P51:AS51,"p") -> 0 | E51: =COUNTIF(P51:AS51,"PC") -> 0 | F51: =COUNTIF(P51:AS51,"f") -> 0 | G51: =COUNTIF(P51:AS51,"ast") -> 0 | H51: =COUNTIF(P51:AS51,"cA") -> 0 | I51: =COUNTIF(P51:AS51,"rtt") -> 0 | J51: =COUNTIF(P51:AS51,"cex") -> 0 | K51: =COUNTIF(P51:AS51,"res") -> 0 | L51: =COUNTIF(P51:AS51,"mA") -> 0 | M51: =COUNTIF(P51:AS51,"at") -> 0 | N51: =COUNTIF(P51:AS51,"TAD") -> 0 | O51: =COUNTIF(P51:AS51,"TP") -> 0 | AV51: P | AW51: PC | AX51: F | AY51: AST | AZ51: CA | BA51: RTT | BB51: CEX | BC51: R | BD51: M | BE51: AT | BF51: TP
A52: =IFERROR(IF(config!E44="","",config!E44),"") -> N018514 | B52: =IFERROR(IF(config!F44="","",config!F44),"") -> DELANDE | C52: =IFERROR(IF(config!G44="","",config!G44),"") -> Romain | D52: =COUNTIF(P52:AS52,"p") -> 0 | E52: =COUNTIF(P52:AS52,"PC") -> 0 | F52: =COUNTIF(P52:AS52,"f") -> 0 | G52: =COUNTIF(P52:AS52,"ast") -> 0 | H52: =COUNTIF(P52:AS52,"cA") -> 0 | I52: =COUNTIF(P52:AS52,"rtt") -> 0 | J52: =COUNTIF(P52:AS52,"cex") -> 0 | K52: =COUNTIF(P52:AS52,"res") -> 0 | L52: =COUNTIF(P52:AS52,"mA") -> 0 | M52: =COUNTIF(P52:AS52,"at") -> 0 | N52: =COUNTIF(P52:AS52,"TAD") -> 0 | O52: =COUNTIF(P52:AS52,"TP") -> 0 | AV52: =COUNTIF(P51:AS62,"P") -> 0 | AW52: =COUNTIF(P51:AS62,"PC") -> 0 | AX52: =COUNTIF(P51:AS62,"F") -> 0 | AY52: =COUNTIF(P51:AS62,"AST") -> 0 | AZ52: =COUNTIF(P51:AS62,"CA") -> 0 | BA52: =COUNTIF(P51:AS62,"RTT") -> 0 | BB52: =COUNTIF(P51:AS62,"CEX") -> 0 | BC52: =COUNTIF(P51:AS62,"RES") -> 0 | BD52: =COUNTIF(P51:AS62,"MA") -> 0 | BE52: =COUNTIF(P51:AS62,"AT") -> 0 | BF52: =COUNTIF(P51:AS62,"TP") -> 0
A53: =IFERROR(IF(config!E45="","",config!E45),"") -> T029231 | B53: =IFERROR(IF(config!F45="","",config!F45),"") -> DA SILVA REIS | C53: =IFERROR(IF(config!G45="","",config!G45),"") -> Alexandra | D53: =COUNTIF(P53:AS53,"p") -> 0 | E53: =COUNTIF(P53:AS53,"PC") -> 0 | F53: =COUNTIF(P53:AS53,"f") -> 0 | G53: =COUNTIF(P53:AS53,"ast") -> 0 | H53: =COUNTIF(P53:AS53,"cA") -> 0 | I53: =COUNTIF(P53:AS53,"rtt") -> 0 | J53: =COUNTIF(P53:AS53,"cex") -> 0 | K53: =COUNTIF(P53:AS53,"res") -> 0 | L53: =COUNTIF(P53:AS53,"mA") -> 0 | M53: =COUNTIF(P53:AS53,"at") -> 0 | N53: =COUNTIF(P53:AS53,"TAD") -> 0 | O53: =COUNTIF(P53:AS53,"TP") -> 0
A54: =IFERROR(IF(config!E46="","",config!E46),"") -> N011181 | B54: =IFERROR(IF(config!F46="","",config!F46),"") -> ELMAGROUD | C54: =IFERROR(IF(config!G46="","",config!G46),"") -> Sofiane | D54: =COUNTIF(P54:AS54,"p") -> 0 | E54: =COUNTIF(P54:AS54,"PC") -> 0 | F54: =COUNTIF(P54:AS54,"f") -> 0 | G54: =COUNTIF(P54:AS54,"ast") -> 0 | H54: =COUNTIF(P54:AS54,"cA") -> 0 | I54: =COUNTIF(P54:AS54,"rtt") -> 0 | J54: =COUNTIF(P54:AS54,"cex") -> 0 | K54: =COUNTIF(P54:AS54,"res") -> 0 | L54: =COUNTIF(P54:AS54,"mA") -> 0 | M54: =COUNTIF(P54:AS54,"at") -> 0 | N54: =COUNTIF(P54:AS54,"TAD") -> 0 | O54: =COUNTIF(P54:AS54,"TP") -> 0
A55: =IFERROR(IF(config!E47="","",config!E47),"") -> C004163 | B55: =IFERROR(IF(config!F47="","",config!F47),"") -> ESTEVE | C55: =IFERROR(IF(config!G47="","",config!G47),"") -> Thierry | D55: =COUNTIF(P55:AS55,"p") -> 0 | E55: =COUNTIF(P55:AS55,"PC") -> 0 | F55: =COUNTIF(P55:AS55,"f") -> 0 | G55: =COUNTIF(P55:AS55,"ast") -> 0 | H55: =COUNTIF(P55:AS55,"cA") -> 0 | I55: =COUNTIF(P55:AS55,"rtt") -> 0 | J55: =COUNTIF(P55:AS55,"cex") -> 0 | K55: =COUNTIF(P55:AS55,"res") -> 0 | L55: =COUNTIF(P55:AS55,"mA") -> 0 | M55: =COUNTIF(P55:AS55,"at") -> 0 | N55: =COUNTIF(P55:AS55,"TAD") -> 0 | O55: =COUNTIF(P55:AS55,"TP") -> 0
A56: =IFERROR(IF(config!E48="","",config!E48),"") -> C006428 | B56: =IFERROR(IF(config!F48="","",config!F48),"") -> KADRI | C56: =IFERROR(IF(config!G48="","",config!G48),"") -> Houssine | D56: =COUNTIF(P56:AS56,"p") -> 0 | E56: =COUNTIF(P56:AS56,"PC") -> 0 | F56: =COUNTIF(P56:AS56,"f") -> 0 | G56: =COUNTIF(P56:AS56,"ast") -> 0 | H56: =COUNTIF(P56:AS56,"cA") -> 0 | I56: =COUNTIF(P56:AS56,"rtt") -> 0 | J56: =COUNTIF(P56:AS56,"cex") -> 0 | K56: =COUNTIF(P56:AS56,"res") -> 0 | L56: =COUNTIF(P56:AS56,"mA") -> 0 | M56: =COUNTIF(P56:AS56,"at") -> 0 | N56: =COUNTIF(P56:AS56,"TAD") -> 0 | O56: =COUNTIF(P56:AS56,"TP") -> 0
A57: =IFERROR(IF(config!E49="","",config!E49),"") -> N023455 | B57: =IFERROR(IF(config!F49="","",config!F49),"") -> MALLET | C57: =IFERROR(IF(config!G49="","",config!G49),"") -> Ludovic | D57: =COUNTIF(P57:AS57,"p") -> 0 | E57: =COUNTIF(P57:AS57,"PC") -> 0 | F57: =COUNTIF(P57:AS57,"f") -> 0 | G57: =COUNTIF(P57:AS57,"ast") -> 0 | H57: =COUNTIF(P57:AS57,"cA") -> 0 | I57: =COUNTIF(P57:AS57,"rtt") -> 0 | J57: =COUNTIF(P57:AS57,"cex") -> 0 | K57: =COUNTIF(P57:AS57,"res") -> 0 | L57: =COUNTIF(P57:AS57,"mA") -> 0 | M57: =COUNTIF(P57:AS57,"at") -> 0 | N57: =COUNTIF(P57:AS57,"TAD") -> 0 | O57: =COUNTIF(P57:AS57,"TP") -> 0
A58: =IFERROR(IF(config!E50="","",config!E50),"") -> C007461 | B58: =IFERROR(IF(config!F50="","",config!F50),"") -> MAURY | C58: =IFERROR(IF(config!G50="","",config!G50),"") -> Xavier | D58: =COUNTIF(P58:AS58,"p") -> 0 | E58: =COUNTIF(P58:AS58,"PC") -> 0 | F58: =COUNTIF(P58:AS58,"f") -> 0 | G58: =COUNTIF(P58:AS58,"ast") -> 0 | H58: =COUNTIF(P58:AS58,"cA") -> 0 | I58: =COUNTIF(P58:AS58,"rtt") -> 0 | J58: =COUNTIF(P58:AS58,"cex") -> 0 | K58: =COUNTIF(P58:AS58,"res") -> 0 | L58: =COUNTIF(P58:AS58,"mA") -> 0 | M58: =COUNTIF(P58:AS58,"at") -> 0 | N58: =COUNTIF(P58:AS58,"TAD") -> 0 | O58: =COUNTIF(P58:AS58,"TP") -> 0
A59: =IFERROR(IF(config!E51="","",config!E51),"") -> T030790 | B59: =IFERROR(IF(config!F51="","",config!F51),"") -> MOINGT | C59: =IFERROR(IF(config!G51="","",config!G51),"") -> Joffrey | D59: =COUNTIF(P59:AS59,"p") -> 0 | E59: =COUNTIF(P59:AS59,"PC") -> 0 | F59: =COUNTIF(P59:AS59,"f") -> 0 | G59: =COUNTIF(P59:AS59,"ast") -> 0 | H59: =COUNTIF(P59:AS59,"cA") -> 0 | I59: =COUNTIF(P59:AS59,"rtt") -> 0 | J59: =COUNTIF(P59:AS59,"cex") -> 0 | K59: =COUNTIF(P59:AS59,"res") -> 0 | L59: =COUNTIF(P59:AS59,"mA") -> 0 | M59: =COUNTIF(P59:AS59,"at") -> 0 | N59: =COUNTIF(P59:AS59,"TAD") -> 0 | O59: =COUNTIF(P59:AS59,"TP") -> 0
A60: =IFERROR(IF(config!E52="","",config!E52),"") -> T030619 | B60: =IFERROR(IF(config!F52="","",config!F52),"") -> REY | C60: =IFERROR(IF(config!G52="","",config!G52),"") -> Adrien | D60: =COUNTIF(P60:AS60,"p") -> 0 | E60: =COUNTIF(P60:AS60,"PC") -> 0 | F60: =COUNTIF(P60:AS60,"f") -> 0 | G60: =COUNTIF(P60:AS60,"ast") -> 0 | H60: =COUNTIF(P60:AS60,"cA") -> 0 | I60: =COUNTIF(P60:AS60,"rtt") -> 0 | J60: =COUNTIF(P60:AS60,"cex") -> 0 | K60: =COUNTIF(P60:AS60,"res") -> 0 | L60: =COUNTIF(P60:AS60,"mA") -> 0 | M60: =COUNTIF(P60:AS60,"at") -> 0 | N60: =COUNTIF(P60:AS60,"TAD") -> 0 | O60: =COUNTIF(P60:AS60,"TP") -> 0
A61: =IFERROR(IF(config!E53="","",config!E53),"") -> N019681 | B61: =IFERROR(IF(config!F53="","",config!F53),"") -> TADJROUNA | C61: =IFERROR(IF(config!G53="","",config!G53),"") -> Mohamed | D61: =COUNTIF(P61:AS61,"p") -> 0 | E61: =COUNTIF(P61:AS61,"PC") -> 0 | F61: =COUNTIF(P61:AS61,"f") -> 0 | G61: =COUNTIF(P61:AS61,"ast") -> 0 | H61: =COUNTIF(P61:AS61,"cA") -> 0 | I61: =COUNTIF(P61:AS61,"rtt") -> 0 | J61: =COUNTIF(P61:AS61,"cex") -> 0 | K61: =COUNTIF(P61:AS61,"res") -> 0 | L61: =COUNTIF(P61:AS61,"mA") -> 0 | M61: =COUNTIF(P61:AS61,"at") -> 0 | N61: =COUNTIF(P61:AS61,"TAD") -> 0 | O61: =COUNTIF(P61:AS61,"TP") -> 0
A62: =IFERROR(IF(config!E54="","",config!E54),"") -> N019975 | B62: =IFERROR(IF(config!F54="","",config!F54),"") -> VILLENEUVE | C62: =IFERROR(IF(config!G54="","",config!G54),"") -> Fabrice | D62: =COUNTIF(P62:AS62,"p") -> 0 | E62: =COUNTIF(P62:AS62,"PC") -> 0 | F62: =COUNTIF(P62:AS62,"f") -> 0 | G62: =COUNTIF(P62:AS62,"ast") -> 0 | H62: =COUNTIF(P62:AS62,"cA") -> 0 | I62: =COUNTIF(P62:AS62,"rtt") -> 0 | J62: =COUNTIF(P62:AS62,"cex") -> 0 | K62: =COUNTIF(P62:AS62,"res") -> 0 | L62: =COUNTIF(P62:AS62,"mA") -> 0 | M62: =COUNTIF(P62:AS62,"at") -> 0 | N62: =COUNTIF(P62:AS62,"TAD") -> 0 | O62: =COUNTIF(P62:AS62,"TP") -> 0
A63: =IFERROR(IF(config!E55="","",config!E55),"") | AV63: MAGASIN
A64: =IFERROR(IF(config!E56="","",config!E56),"") -> COMMUN - MAGASINIER ET AGENTS ENTRETIEN | B64: =IFERROR(IF(config!F56="","",config!F56),"") | C64: =IFERROR(IF(config!G56="","",config!G56),"") | D64: =COUNTIF(P64:AS64,"p") -> 0 | E64: =COUNTIF(P64:AS64,"PC") -> 0 | F64: =COUNTIF(P64:AS64,"f") -> 0 | G64: =COUNTIF(P64:AS64,"ast") -> 0 | H64: =COUNTIF(P64:AS64,"cA") -> 0 | I64: =COUNTIF(P64:AS64,"rtt") -> 0 | J64: =COUNTIF(P64:AS64,"cex") -> 0 | K64: =COUNTIF(P64:AS64,"res") -> 0 | L64: =COUNTIF(P64:AS64,"mA") -> 0 | M64: =COUNTIF(P64:AS64,"at") -> 0 | N64: =COUNTIF(P64:AS64,"TAD") -> 0 | O64: =COUNTIF(P64:AS64,"TP") -> 0 | AV64: P | AW64: PC | AX64: F | AY64: AST | AZ64: CA | BA64: RTT | BB64: CEX | BC64: R | BD64: M | BE64: AT | BF64: TP
A65: =IFERROR(IF(config!E57="","",config!E57),"") -> N010342 | B65: =IFERROR(IF(config!F57="","",config!F57),"") -> VOL | C65: =IFERROR(IF(config!G57="","",config!G57),"") -> Christophe | D65: =COUNTIF(P65:AS65,"p") -> 0 | E65: =COUNTIF(P65:AS65,"PC") -> 0 | F65: =COUNTIF(P65:AS65,"f") -> 0 | G65: =COUNTIF(P65:AS65,"ast") -> 0 | H65: =COUNTIF(P65:AS65,"cA") -> 0 | I65: =COUNTIF(P65:AS65,"rtt") -> 0 | J65: =COUNTIF(P65:AS65,"cex") -> 0 | K65: =COUNTIF(P65:AS65,"res") -> 0 | L65: =COUNTIF(P65:AS65,"mA") -> 0 | M65: =COUNTIF(P65:AS65,"at") -> 0 | N65: =COUNTIF(P65:AS65,"TAD") -> 0 | O65: =COUNTIF(P65:AS65,"TP") -> 0 | AV65: =COUNTIF(P64:AS75,"P") -> 0 | AW65: =COUNTIF(P64:AS75,"PC") -> 0 | AX65: =COUNTIF(P64:AS75,"F") -> 0 | AY65: =COUNTIF(P64:AS75,"AST") -> 0 | AZ65: =COUNTIF(P64:AS75,"Ca") -> 0 | BA65: =COUNTIF(P64:AS75,"RTT") -> 0 | BB65: =COUNTIF(P64:AS75,"CEX") -> 0 | BC65: =COUNTIF(P64:AS75,"RES") -> 0 | BD65: =COUNTIF(P64:AS75,"MA") -> 0 | BE65: =COUNTIF(P64:AS75,"AT") -> 0 | BF65: =COUNTIF(P64:AS75,"TP") -> 0
A66: =IFERROR(IF(config!E58="","",config!E58),"") -> C003865 | B66: =IFERROR(IF(config!F58="","",config!F58),"") -> GENNA | C66: =IFERROR(IF(config!G58="","",config!G58),"") -> Grégory | D66: =COUNTIF(P66:AS66,"p") -> 0 | E66: =COUNTIF(P66:AS66,"PC") -> 0 | F66: =COUNTIF(P66:AS66,"f") -> 0 | G66: =COUNTIF(P66:AS66,"ast") -> 0 | H66: =COUNTIF(P66:AS66,"cA") -> 0 | I66: =COUNTIF(P66:AS66,"rtt") -> 0 | J66: =COUNTIF(P66:AS66,"cex") -> 0 | K66: =COUNTIF(P66:AS66,"res") -> 0 | L66: =COUNTIF(P66:AS66,"mA") -> 0 | M66: =COUNTIF(P66:AS66,"at") -> 0 | N66: =COUNTIF(P66:AS66,"TAD") -> 0 | O66: =COUNTIF(P66:AS66,"TP") -> 0
A67: =IFERROR(IF(config!E59="","",config!E59),"") -> N010032 | B67: =IFERROR(IF(config!F59="","",config!F59),"") -> BERNARD | C67: =IFERROR(IF(config!G59="","",config!G59),"") -> Jean-Louis | D67: =COUNTIF(P67:AS67,"p") -> 0 | E67: =COUNTIF(P67:AS67,"PC") -> 0 | F67: =COUNTIF(P67:AS67,"f") -> 0 | G67: =COUNTIF(P67:AS67,"ast") -> 0 | H67: =COUNTIF(P67:AS67,"cA") -> 0 | I67: =COUNTIF(P67:AS67,"rtt") -> 0 | J67: =COUNTIF(P67:AS67,"cex") -> 0 | K67: =COUNTIF(P67:AS67,"res") -> 0 | L67: =COUNTIF(P67:AS67,"mA") -> 0 | M67: =COUNTIF(P67:AS67,"at") -> 0 | N67: =COUNTIF(P67:AS67,"TAD") -> 0 | O67: =COUNTIF(P67:AS67,"TP") -> 0
A68: =IFERROR(IF(config!E60="","",config!E60),"") -> N010563 | B68: =IFERROR(IF(config!F60="","",config!F60),"") -> HAUBRAICHE | C68: =IFERROR(IF(config!G60="","",config!G60),"") -> Philippe | D68: =COUNTIF(P68:AS68,"p") -> 0 | E68: =COUNTIF(P68:AS68,"PC") -> 0 | F68: =COUNTIF(P68:AS68,"f") -> 0 | G68: =COUNTIF(P68:AS68,"ast") -> 0 | H68: =COUNTIF(P68:AS68,"cA") -> 0 | I68: =COUNTIF(P68:AS68,"rtt") -> 0 | J68: =COUNTIF(P68:AS68,"cex") -> 0 | K68: =COUNTIF(P68:AS68,"res") -> 0 | L68: =COUNTIF(P68:AS68,"mA") -> 0 | M68: =COUNTIF(P68:AS68,"at") -> 0 | N68: =COUNTIF(P68:AS68,"TAD") -> 0 | O68: =COUNTIF(P68:AS68,"TP") -> 0
A69: =IFERROR(IF(config!E69="","",config!E69),"") | B69: =IFERROR(IF(config!F69="","",config!F69),"") | C69: =IFERROR(IF(config!G69="","",config!G69),"") | D69: =COUNTIF(P69:AS69,"p") -> 0 | E69: =COUNTIF(P69:AS69,"PC") -> 0 | F69: =COUNTIF(P69:AS69,"f") -> 0 | G69: =COUNTIF(P69:AS69,"ast") -> 0 | H69: =COUNTIF(P69:AS69,"cA") -> 0 | I69: =COUNTIF(P69:AS69,"rtt") -> 0 | J69: =COUNTIF(P69:AS69,"cex") -> 0 | K69: =COUNTIF(P69:AS69,"res") -> 0 | L69: =COUNTIF(P69:AS69,"mA") -> 0 | M69: =COUNTIF(P69:AS69,"at") -> 0 | N69: =COUNTIF(P69:AS69,"TAD") -> 0 | O69: =COUNTIF(P69:AS69,"TP") -> 0
T78: P

Sheet Juin 2026
A1: =config!B10 -> 46174
A2: =config!C10 -> 46203
P4: =A1 -> 46174 | Q4: =P4+1 -> 46175 | R4: =Q4+1 -> 46176 | S4: =R4+1 -> 46177 | T4: =S4+1 -> 46178 | U4: =T4+1 -> 46179 | V4: =U4+1 -> 46180 | W4: =V4+1 -> 46181 | X4: =W4+1 -> 46182 | ... AS4: =AR4+1 -> 46203
A5: =TEXT(A1,"mmmmmmmmmmmm") -> juin
D8: TOTAL
D9: P | E9: PC | F9: F | G9: AST | H9: CA | I9: RTT | J9: CEX | K9: R | L9: M | M9: AT | N9: TAD | O9: TP | P9: =IFERROR(WEEKDAY(P4),"") -> 2 | Q9: =IFERROR(WEEKDAY(Q4),"") -> 3 | R9: =IFERROR(WEEKDAY(R4),"") -> 4 | S9: =IFERROR(WEEKDAY(S4),"") -> 5 | T9: =IFERROR(WEEKDAY(T4),"") -> 6 | U9: =IFERROR(WEEKDAY(U4),"") -> 7 | V9: =IFERROR(WEEKDAY(V4),"") -> 1 | W9: =IFERROR(WEEKDAY(W4),"") -> 2 | ... AS9: =IFERROR(WEEKDAY(AS4),"") -> 3
A10: Matricule | B10: Nom | C10: Prénom | D10: PRESENCE | E10: PREV CONGES | F10: FORMATION | G10: ASTREINT | H10: CONGES ANNUEL | I10: RTT | J10: CONGES EXC | K10: RESERVE | L10: MALADIE | M10: ACCIDENT DE TRAVAIL | N10: TRAVAI A DISTANCE | O10: Tps partiel TH | P10: =DAY(P4) -> 1 | Q10: =DAY(Q4) -> 2 | R10: =DAY(R4) -> 3 | S10: =DAY(S4) -> 4 | T10: =DAY(T4) -> 5 | U10: =DAY(U4) -> 6 | V10: =DAY(V4) -> 7 | W10: =DAY(W4) -> 8 | ... AS10: =DAY(AS4) -> 30
A11: =IFERROR(IF(config!E3="","",config!E3),"") -> N019002 | B11: =IFERROR(IF(config!F3="","",config!F3),"") -> DEBREYNE | C11: =IFERROR(IF(config!G3="","",config!G3),"") -> Audrey | D11: =COUNTIF(P11:AS11,"p") -> 0 | E11: =COUNTIF(P11:AS11,"PC") -> 0 | F11: =COUNTIF(P11:AS11,"f") -> 0 | G11: =COUNTIF(P11:AS11,"ast") -> 0 | H11: =COUNTIF(P11:AS11,"cA") -> 0 | I11: =COUNTIF(P11:AS11,"rtt") -> 0 | J11: =COUNTIF(P11:AS11,"cex") -> 0 | K11: =COUNTIF(P11:AS11,"res") -> 0 | L11: =COUNTIF(P11:AS11,"mA") -> 0 | M11: =COUNTIF(P11:AS11,"at") -> 0 | N11: =COUNTIF(P11:AS11,"TAD") -> 0 | O11: =COUNTIF(P11:AS11,"TP") -> 0 | AU11: BUREAU
A12: =IFERROR(IF(config!E4="","",config!E4),"") -> N024050 | B12: =IFERROR(IF(config!F4="","",config!F4),"") -> LUTARD | C12: =IFERROR(IF(config!G4="","",config!G4),"") -> Karyne | D12: =COUNTIF(P12:AS12,"p") -> 0 | E12: =COUNTIF(P12:AS12,"PC") -> 0 | F12: =COUNTIF(P12:AS12,"f") -> 0 | G12: =COUNTIF(P12:AS12,"ast") -> 0 | H12: =COUNTIF(P12:AS12,"cA") -> 0 | I12: =COUNTIF(P12:AS12,"rtt") -> 0 | J12: =COUNTIF(P12:AS12,"cex") -> 0 | K12: =COUNTIF(P12:AS12,"res") -> 0 | L12: =COUNTIF(P12:AS12,"mA") -> 0 | M12: =COUNTIF(P12:AS12,"at") -> 0 | N12: =COUNTIF(P12:AS12,"TAD") -> 0 | O12: =COUNTIF(P12:AS12,"TP") -> 0 | AU12: P | AV12: PC | AW12: F | AX12: AST | AY12: CA | AZ12: RTT | BA12: CEX | BB12: R | BC12: M | BD12: AT | BE12: TP
A13: =IFERROR(IF(config!E5="","",config!E5),"") -> N018905 | B13: =IFERROR(IF(config!F5="","",config!F5),"") -> HAUTDECOEUR | C13: =IFERROR(IF(config!G5="","",config!G5),"") -> Laurence | D13: =COUNTIF(P13:AS13,"p") -> 0 | E13: =COUNTIF(P13:AS13,"PC") -> 0 | F13: =COUNTIF(P13:AS13,"f") -> 0 | G13: =COUNTIF(P13:AS13,"ast") -> 0 | H13: =COUNTIF(P13:AS13,"cA") -> 0 | I13: =COUNTIF(P13:AS13,"rtt") -> 0 | J13: =COUNTIF(P13:AS13,"cex") -> 0 | K13: =COUNTIF(P13:AS13,"res") -> 0 | L13: =COUNTIF(P13:AS13,"mA") -> 0 | M13: =COUNTIF(P13:AS13,"at") -> 0 | N13: =COUNTIF(P13:AS13,"TAD") -> 0 | O13: =COUNTIF(P13:AS13,"TP") -> 0 | AU13: =COUNTIF(P11:AS29,"p") -> 0 | AV13: =COUNTIF(P11:AS29,"PC") -> 0 | AW13: =COUNTIF(P11:AS29,"f") -> 0 | AX13: =COUNTIF(P11:AS29,"ast") -> 0 | AY13: =COUNTIF(P11:AS29,"ca") -> 0 | AZ13: =COUNTIF(P11:AS29,"rtt") -> 0 | BA13: =COUNTIF(P11:AS29,"CEX") -> 0 | BB13: =COUNTIF(P11:AS29,"RES") -> 0 | BC13: =COUNTIF(P11:AS29,"MA") -> 0 | BD13: =COUNTIF(P11:AS29,"AT") -> 0 | BE13: =COUNTIF(P11:AS29,"TP") -> 0
A14: =IFERROR(IF(config!E6="","",config!E6),"") -> N016820 | B14: =IFERROR(IF(config!F6="","",config!F6),"") -> GRENET | C14: =IFERROR(IF(config!G6="","",config!G6),"") -> Eric | D14: =COUNTIF(P14:AS14,"p") -> 0 | E14: =COUNTIF(P14:AS14,"PC") -> 0 | F14: =COUNTIF(P14:AS14,"f") -> 0 | G14: =COUNTIF(P14:AS14,"ast") -> 0 | H14: =COUNTIF(P14:AS14,"cA") -> 0 | I14: =COUNTIF(P14:AS14,"rtt") -> 0 | J14: =COUNTIF(P14:AS14,"cex") -> 0 | K14: =COUNTIF(P14:AS14,"res") -> 0 | L14: =COUNTIF(P14:AS14,"mA") -> 0 | M14: =COUNTIF(P14:AS14,"at") -> 0 | N14: =COUNTIF(P14:AS14,"TAD") -> 0 | O14: =COUNTIF(P14:AS14,"TP") -> 0
A15: =IFERROR(IF(config!E7="","",config!E7),"") -> C003285 | B15: =IFERROR(IF(config!F7="","",config!F7),"") -> FOURCADE | C15: =IFERROR(IF(config!G7="","",config!G7),"") -> Hervé | D15: =COUNTIF(P15:AS15,"p") -> 0 | E15: =COUNTIF(P15:AS15,"PC") -> 0 | F15: =COUNTIF(P15:AS15,"f") -> 0 | G15: =COUNTIF(P15:AS15,"ast") -> 0 | H15: =COUNTIF(P15:AS15,"cA") -> 0 | I15: =COUNTIF(P15:AS15,"rtt") -> 0 | J15: =COUNTIF(P15:AS15,"cex") -> 0 | K15: =COUNTIF(P15:AS15,"res") -> 0 | L15: =COUNTIF(P15:AS15,"mA") -> 0 | M15: =COUNTIF(P15:AS15,"at") -> 0 | N15: =COUNTIF(P15:AS15,"TAD") -> 0 | O15: =COUNTIF(P15:AS15,"TP") -> 0
A16: =IFERROR(IF(config!E8="","",config!E8),"") -> JT030845 | B16: =IFERROR(IF(config!F8="","",config!F8),"") -> GONCALVES | C16: =IFERROR(IF(config!G8="","",config!G8),"") -> Lionel | D16: =COUNTIF(P16:AS16,"p") -> 0 | E16: =COUNTIF(P16:AS16,"PC") -> 0 | F16: =COUNTIF(P16:AS16,"f") -> 0 | G16: =COUNTIF(P16:AS16,"ast") -> 0 | H16: =COUNTIF(P16:AS16,"cA") -> 0 | I16: =COUNTIF(P16:AS16,"rtt") -> 0 | J16: =COUNTIF(P16:AS16,"cex") -> 0 | K16: =COUNTIF(P16:AS16,"res") -> 0 | L16: =COUNTIF(P16:AS16,"mA") -> 0 | M16: =COUNTIF(P16:AS16,"at") -> 0 | N16: =COUNTIF(P16:AS16,"TAD") -> 0 | O16: =COUNTIF(P16:AS16,"TP") -> 0
A17: =IFERROR(IF(config!E9="","",config!E9),"") -> N011045 | B17: =IFERROR(IF(config!F9="","",config!F9),"") -> SIGALA | C17: =IFERROR(IF(config!G9="","",config!G9),"") -> Jean-Christohpe | D17: =COUNTIF(P17:AS17,"p") -> 0 | E17: =COUNTIF(P17:AS17,"PC") -> 0 | F17: =COUNTIF(P17:AS17,"f") -> 0 | G17: =COUNTIF(P17:AS17,"ast") -> 0 | H17: =COUNTIF(P17:AS17,"cA") -> 0 | I17: =COUNTIF(P17:AS17,"rtt") -> 0 | J17: =COUNTIF(P17:AS17,"cex") -> 0 | K17: =COUNTIF(P17:AS17,"res") -> 0 | L17: =COUNTIF(P17:AS17,"mA") -> 0 | M17: =COUNTIF(P17:AS17,"at") -> 0 | N17: =COUNTIF(P17:AS17,"TAD") -> 0 | O17: =COUNTIF(P17:AS17,"TP") -> 0
D18: =COUNTIF(P18:AS18,"p") -> 0 | E18: =COUNTIF(P18:AS18,"PC") -> 0 | F18: =COUNTIF(P18:AS18,"f") -> 0 | G18: =COUNTIF(P18:AS18,"ast") -> 0 | H18: =COUNTIF(P18:AS18,"cA") -> 0 | I18: =COUNTIF(P18:AS18,"rtt") -> 0 | J18: =COUNTIF(P18:AS18,"cex") -> 0 | K18: =COUNTIF(P18:AS18,"res") -> 0 | L18: =COUNTIF(P18:AS18,"mA") -> 0 | M18: =COUNTIF(P18:AS18,"at") -> 0 | N18: =COUNTIF(P18:AS18,"TAD") -> 0 | O18: =COUNTIF(P18:AS18,"TP") -> 0
A19: =IFERROR(IF(config!E11="","",config!E11),"") -> N015967 | B19: =IFERROR(IF(config!F11="","",config!F11),"") -> TUCOULET | C19: =IFERROR(IF(config!G11="","",config!G11),"") -> Dorian | D19: =COUNTIF(P19:AS19,"p") -> 0 | E19: =COUNTIF(P19:AS19,"PC") -> 0 | F19: =COUNTIF(P19:AS19,"f") -> 0 | G19: =COUNTIF(P19:AS19,"ast") -> 0 | H19: =COUNTIF(P19:AS19,"cA") -> 0 | I19: =COUNTIF(P19:AS19,"rtt") -> 0 | J19: =COUNTIF(P19:AS19,"cex") -> 0 | K19: =COUNTIF(P19:AS19,"res") -> 0 | L19: =COUNTIF(P19:AS19,"mA") -> 0 | M19: =COUNTIF(P19:AS19,"at") -> 0 | N19: =COUNTIF(P19:AS19,"TAD") -> 0 | O19: =COUNTIF(P19:AS19,"TP") -> 0
A20: =IFERROR(IF(config!E12="","",config!E12),"") -> N017539 | B20: =IFERROR(IF(config!F12="","",config!F12),"") -> VRBOVSKA | C20: =IFERROR(IF(config!G12="","",config!G12),"") -> Xavier | D20: =COUNTIF(P20:AS20,"p") -> 0 | E20: =COUNTIF(P20:AS20,"PC") -> 0 | F20: =COUNTIF(P20:AS20,"f") -> 0 | G20: =COUNTIF(P20:AS20,"ast") -> 0 | H20: =COUNTIF(P20:AS20,"cA") -> 0 | I20: =COUNTIF(P20:AS20,"rtt") -> 0 | J20: =COUNTIF(P20:AS20,"cex") -> 0 | K20: =COUNTIF(P20:AS20,"res") -> 0 | L20: =COUNTIF(P20:AS20,"mA") -> 0 | M20: =COUNTIF(P20:AS20,"at") -> 0 | N20: =COUNTIF(P20:AS20,"TAD") -> 0 | O20: =COUNTIF(P20:AS20,"TP") -> 0
A21: =IFERROR(IF(config!E13="","",config!E13),"") -> MAINTENANCE
A22: =IFERROR(IF(config!E14="","",config!E14),"") -> SURVEILLANT DE TRAVAUX
A23: =IFERROR(IF(config!E15="","",config!E15),"") -> C004587 | B23: =IFERROR(IF(config!F15="","",config!F15),"") -> BOURGOIN | C23: =IFERROR(IF(config!G15="","",config!G15),"") -> Jean-Baptiste | D23: =COUNTIF(P23:AS23,"p") -> 0 | E23: =COUNTIF(P23:AS23,"PC") -> 0 | F23: =COUNTIF(P23:AS23,"f") -> 0 | G23: =COUNTIF(P23:AS23,"ast") -> 0 | H23: =COUNTIF(P23:AS23,"cA") -> 0 | I23: =COUNTIF(P23:AS23,"rtt") -> 0 | J23: =COUNTIF(P23:AS23,"cex") -> 0 | K23: =COUNTIF(P23:AS23,"res") -> 0 | L23: =COUNTIF(P23:AS23,"mA") -> 0 | M23: =COUNTIF(P23:AS23,"at") -> 0 | N23: =COUNTIF(P23:AS23,"TAD") -> 0 | O23: =COUNTIF(P23:AS23,"TP") -> 0
A24: =IFERROR(IF(config!E16="","",config!E16),"") -> N02645 | B24: =IFERROR(IF(config!F16="","",config!F16),"") -> MERCADIEU | C24: =IFERROR(IF(config!G16="","",config!G16),"") -> Baptiste | D24: =COUNTIF(P24:AS24,"p") -> 0 | E24: =COUNTIF(P24:AS24,"PC") -> 0 | F24: =COUNTIF(P24:AS24,"f") -> 0 | G24: =COUNTIF(P24:AS24,"ast") -> 0 | H24: =COUNTIF(P24:AS24,"cA") -> 0 | I24: =COUNTIF(P24:AS24,"rtt") -> 0 | J24: =COUNTIF(P24:AS24,"cex") -> 0 | K24: =COUNTIF(P24:AS24,"res") -> 0 | L24: =COUNTIF(P24:AS24,"mA") -> 0 | M24: =COUNTIF(P24:AS24,"at") -> 0 | N24: =COUNTIF(P24:AS24,"TAD") -> 0 | O24: =COUNTIF(P24:AS24,"TP") -> 0
A25: =IFERROR(IF(config!E17="","",config!E17),"") -> ASDP
A26: =IFERROR(IF(config!E18="","",config!E18),"") -> C004845 | B26: =IFERROR(IF(config!F18="","",config!F18),"") -> GARCIA | C26: =IFERROR(IF(config!G18="","",config!G18),"") -> Yoan | D26: =COUNTIF(P26:AS26,"p") -> 0 | E26: =COUNTIF(P26:AS26,"PC") -> 0 | F26: =COUNTIF(P26:AS26,"f") -> 0 | G26: =COUNTIF(P26:AS26,"ast") -> 0 | H26: =COUNTIF(P26:AS26,"cA") -> 0 | I26: =COUNTIF(P26:AS26,"rtt") -> 0 | J26: =COUNTIF(P26:AS26,"cex") -> 0 | K26: =COUNTIF(P26:AS26,"res") -> 0 | L26: =COUNTIF(P26:AS26,"mA") -> 0 | M26: =COUNTIF(P26:AS26,"at") -> 0 | N26: =COUNTIF(P26:AS26,"TAD") -> 0 | O26: =COUNTIF(P26:AS26,"TP") -> 0
A27: =IFERROR(IF(config!E19="","",config!E19),"") -> C005015 | B27: =IFERROR(IF(config!F19="","",config!F19),"") -> LARROUDE | C27: =IFERROR(IF(config!G19="","",config!G19),"") -> Christophe | D27: =COUNTIF(P27:AS27,"p") -> 0 | E27: =COUNTIF(P27:AS27,"PC") -> 0 | F27: =COUNTIF(P27:AS27,"f") -> 0 | G27: =COUNTIF(P27:AS27,"ast") -> 0 | H27: =COUNTIF(P27:AS27,"cA") -> 0 | I27: =COUNTIF(P27:AS27,"rtt") -> 0 | J27: =COUNTIF(P27:AS27,"cex") -> 0 | K27: =COUNTIF(P27:AS27,"res") -> 0 | L27: =COUNTIF(P27:AS27,"mA") -> 0 | M27: =COUNTIF(P27:AS27,"at") -> 0 | N27: =COUNTIF(P27:AS27,"TAD") -> 0 | O27: =COUNTIF(P27:AS27,"TP") -> 0
A28: =IFERROR(IF(config!E20="","",config!E20),"") -> N020065 | B28: =IFERROR(IF(config!F20="","",config!F20),"") -> SAMITIER | C28: =IFERROR(IF(config!G20="","",config!G20),"") -> Beatrice | D28: =COUNTIF(P28:AS28,"p") -> 0 | E28: =COUNTIF(P28:AS28,"PC") -> 0 | F28: =COUNTIF(P28:AS28,"f") -> 0 | G28: =COUNTIF(P28:AS28,"ast") -> 0 | H28: =COUNTIF(P28:AS28,"cA") -> 0 | I28: =COUNTIF(P28:AS28,"rtt") -> 0 | J28: =COUNTIF(P28:AS28,"cex") -> 0 | K28: =COUNTIF(P28:AS28,"res") -> 0 | L28: =COUNTIF(P28:AS28,"mA") -> 0 | M28: =COUNTIF(P28:AS28,"at") -> 0 | N28: =COUNTIF(P28:AS28,"TAD") -> 0 | O28: =COUNTIF(P28:AS28,"TP") -> 0
A29: =IFERROR(IF(config!E21="","",config!E21),"") -> C005216 | B29: =IFERROR(IF(config!F21="","",config!F21),"") -> PIEL | C29: =IFERROR(IF(config!G21="","",config!G21),"") -> Frédy | D29: =COUNTIF(P29:AS29,"p") -> 0 | E29: =COUNTIF(P29:AS29,"PC") -> 0 | F29: =COUNTIF(P29:AS29,"f") -> 0 | G29: =COUNTIF(P29:AS29,"ast") -> 0 | H29: =COUNTIF(P29:AS29,"cA") -> 0 | I29: =COUNTIF(P29:AS29,"rtt") -> 0 | J29: =COUNTIF(P29:AS29,"cex") -> 0 | K29: =COUNTIF(P29:AS29,"res") -> 0 | L29: =COUNTIF(P29:AS29,"mA") -> 0 | M29: =COUNTIF(P29:AS29,"at") -> 0 | N29: =COUNTIF(P29:AS29,"TAD") -> 0 | O29: =COUNTIF(P29:AS29,"TP") -> 0
A30: =IFERROR(IF(config!E22="","",config!E22),"") -> PROPRETE
A31: =IFERROR(IF(config!E23="","",config!E23),"") -> JN020502 | B31: =IFERROR(IF(config!F23="","",config!F23),"") -> GOURVIAT | C31: =IFERROR(IF(config!G23="","",config!G23),"") -> Annabelle | D31: =COUNTIF(P31:AS31,"p") -> 0 | E31: =COUNTIF(P31:AS31,"PC") -> 0 | F31: =COUNTIF(P31:AS31,"f") -> 0 | G31: =COUNTIF(P31:AS31,"ast") -> 0 | H31: =COUNTIF(P31:AS31,"cA") -> 0 | I31: =COUNTIF(P31:AS31,"rtt") -> 0 | J31: =COUNTIF(P31:AS31,"cex") -> 0 | K31: =COUNTIF(P31:AS31,"res") -> 0 | L31: =COUNTIF(P31:AS31,"mA") -> 0 | M31: =COUNTIF(P31:AS31,"at") -> 0 | N31: =COUNTIF(P31:AS31,"TAD") -> 0 | O31: =COUNTIF(P31:AS31,"TP") -> 0
A32: =IFERROR(IF(config!E24="","",config!E24),"") -> JT032516 | B32: =IFERROR(IF(config!F24="","",config!F24),"") -> LARTIGUE | C32: =IFERROR(IF(config!G24="","",config!G24),"") -> Laura | D32: =COUNTIF(P32:AS32,"p") -> 0 | E32: =COUNTIF(P32:AS32,"PC") -> 0 | F32: =COUNTIF(P32:AS32,"f") -> 0 | G32: =COUNTIF(P32:AS32,"ast") -> 0 | H32: =COUNTIF(P32:AS32,"cA") -> 0 | I32: =COUNTIF(P32:AS32,"rtt") -> 0 | J32: =COUNTIF(P32:AS32,"cex") -> 0 | K32: =COUNTIF(P32:AS32,"res") -> 0 | L32: =COUNTIF(P32:AS32,"mA") -> 0 | M32: =COUNTIF(P32:AS32,"at") -> 0 | N32: =COUNTIF(P32:AS32,"TAD") -> 0 | O32: =COUNTIF(P32:AS32,"TP") -> 0
A33: =IFERROR(IF(config!E25="","",config!E25),"") -> JN010897 | B33: =IFERROR(IF(config!F25="","",config!F25),"") -> TRIQUENEAUX | C33: =IFERROR(IF(config!G25="","",config!G25),"") -> Benoit | D33: =COUNTIF(P33:AS33,"p") -> 0 | E33: =COUNTIF(P33:AS33,"PC") -> 0 | F33: =COUNTIF(P33:AS33,"f") -> 0 | G33: =COUNTIF(P33:AS33,"ast") -> 0 | H33: =COUNTIF(P33:AS33,"cA") -> 0 | I33: =COUNTIF(P33:AS33,"rtt") -> 0 | J33: =COUNTIF(P33:AS33,"cex") -> 0 | K33: =COUNTIF(P33:AS33,"res") -> 0 | L33: =COUNTIF(P33:AS33,"mA") -> 0 | M33: =COUNTIF(P33:AS33,"at") -> 0 | N33: =COUNTIF(P33:AS33,"TAD") -> 0 | O33: =COUNTIF(P33:AS33,"TP") -> 0
A34: =IFERROR(IF(config!E26="","",config!E26),"") -> JN010381 | B34: =IFERROR(IF(config!F26="","",config!F26),"") -> ESPERON | C34: =IFERROR(IF(config!G26="","",config!G26),"") -> Alain | D34: =COUNTIF(P34:AS34,"p") -> 0 | E34: =COUNTIF(P34:AS34,"PC") -> 0 | F34: =COUNTIF(P34:AS34,"f") -> 0 | G34: =COUNTIF(P34:AS34,"ast") -> 0 | H34: =COUNTIF(P34:AS34,"cA") -> 0 | I34: =COUNTIF(P34:AS34,"rtt") -> 0 | J34: =COUNTIF(P34:AS34,"cex") -> 0 | K34: =COUNTIF(P34:AS34,"res") -> 0 | L34: =COUNTIF(P34:AS34,"mA") -> 0 | M34: =COUNTIF(P34:AS34,"at") -> 0 | N34: =COUNTIF(P34:AS34,"TAD") -> 0 | O34: =COUNTIF(P34:AS34,"TP") -> 0
